{"rooms":{"entry_1":{"outline":[[[6.050000000000001,2.0500000000000007,0],[6,-2,0]]]},"entry_2":{"outline":[[[-2.25,-5.199999999999999,0],[2.1500000000000004,-5.35,0]]]},"entry_3":{"outline":[[[-6.15,2.25,0],[-6.199999999999999,-2,0]]]},"entry_4":{"outline":[[[-2.0999999999999996,5.600000000000001,0],[2.1500000000000004,5.550000000000001,0]]]}},"doors":{}}