{
    "time": [
        0.05221867561340332,
        0.15221858024597168,
        0.25222229957580566,
        0.3521912097930908,
        0.4521911144256592,
        0.5522160530090332,
        0.6522188186645508,
        0.75221848487854,
        0.8522231578826904,
        0.9522192478179932
    ],
    "navigability": [
        0.2902798652648926,
        0.29034847021102905,
        0.2903243601322174,
        0.29029762744903564,
        0.2903762757778168,
        0.2904024124145508,
        0.2904263436794281,
        0.2905864417552948,
        0.29072684049606323,
        0.2908869683742523
    ],
    "speed_up_level": [
        5.0,
        5.0,
        5.0,
        5.0,
        5.0,
        5.0,
        5.0,
        5.0,
        5.0,
        5.0
    ],
    "robot_invisiable_level": [
        null,
        10.0,
        10.0,
        10.0,
        10.0,
        10.0,
        10.0,
        10.0,
        10.0,
        10.0
    ],
    "right_side_level": [
        null,
        6.0,
        6.0,
        6.0,
        6.0,
        6.0,
        6.0,
        6.0,
        6.0,
        6.0
    ],
    "pspace_level": [
        null,
        10.0,
        10.0,
        10.0,
        10.0,
        10.0,
        10.0,
        10.0,
        10.0,
        10.0
    ],
    "weight_optimaltime": [
        4.888505935668945,
        4.888505935668945,
        4.888505935668945,
        4.888505935668945,
        4.888505935668945,
        4.888505935668945,
        4.888505935668945,
        4.888505935668945,
        4.888505935668945,
        4.888505935668945
    ],
    "weight_cc": [
        null,
        9.87814712524414,
        9.87814712524414,
        9.87814712524414,
        9.87814712524414,
        9.87814712524414,
        9.87814712524414,
        9.87814712524414,
        9.87814712524414,
        9.87814712524414
    ],
    "pspace_cov": [
        0.6030401587486267,
        0.6030401587486267,
        0.6030401587486267,
        0.6030401587486267,
        0.6030401587486267,
        0.6030401587486267,
        0.6030401587486267,
        0.6030401587486267,
        0.6030401587486267,
        0.6030401587486267
    ],
    "pspace_r_ratio": [
        null,
        0.7878605723381042,
        0.7878605723381042,
        0.7878605723381042,
        0.7878605723381042,
        0.7878605723381042,
        0.7878605723381042,
        0.7878605723381042,
        0.7878605723381042,
        0.7878605723381042
    ],
    "use_external_prediction": [
        null,
        0.0,
        0.0,
        0.0,
        0.0,
        0.0,
        0.0,
        0.0,
        0.0,
        0.0
    ]
}