{
    "time": [
        0.050827741622924805,
        0.15083670616149902,
        0.2508273124694824,
        0.3507959842681885,
        0.4508233070373535,
        0.5512933731079102,
        0.6507937908172607,
        0.7508246898651123,
        0.8508238792419434,
        0.9508743286132812
    ],
    "navigability": [
        0.2902798652648926,
        0.29034847021102905,
        0.2903243601322174,
        0.29029762744903564,
        0.2903762757778168,
        0.2904024124145508,
        0.2904263436794281,
        0.2905864417552948,
        0.29072684049606323,
        0.2908869683742523
    ],
    "speed_up_level": [
        5.0,
        5.0,
        5.0,
        5.0,
        5.0,
        5.0,
        5.0,
        5.0,
        5.0,
        5.0
    ],
    "robot_invisiable_level": [
        null,
        10.0,
        10.0,
        10.0,
        10.0,
        10.0,
        10.0,
        10.0,
        10.0,
        10.0
    ],
    "right_side_level": [
        null,
        6.0,
        6.0,
        6.0,
        6.0,
        6.0,
        6.0,
        6.0,
        6.0,
        6.0
    ],
    "pspace_level": [
        null,
        10.0,
        10.0,
        10.0,
        10.0,
        10.0,
        10.0,
        10.0,
        10.0,
        10.0
    ],
    "weight_optimaltime": [
        4.888505935668945,
        4.888505935668945,
        4.888505935668945,
        4.888505935668945,
        4.888505935668945,
        4.888505935668945,
        4.888505935668945,
        4.888505935668945,
        4.888505935668945,
        4.888505935668945
    ],
    "weight_cc": [
        null,
        9.87814712524414,
        9.87814712524414,
        9.87814712524414,
        9.87814712524414,
        9.87814712524414,
        9.87814712524414,
        9.87814712524414,
        9.87814712524414,
        9.87814712524414
    ],
    "pspace_cov": [
        0.6030401587486267,
        0.6030401587486267,
        0.6030401587486267,
        0.6030401587486267,
        0.6030401587486267,
        0.6030401587486267,
        0.6030401587486267,
        0.6030401587486267,
        0.6030401587486267,
        0.6030401587486267
    ],
    "pspace_r_ratio": [
        null,
        0.7878605723381042,
        0.7878605723381042,
        0.7878605723381042,
        0.7878605723381042,
        0.7878605723381042,
        0.7878605723381042,
        0.7878605723381042,
        0.7878605723381042,
        0.7878605723381042
    ],
    "use_external_prediction": [
        null,
        0.0,
        0.0,
        0.0,
        0.0,
        0.0,
        0.0,
        0.0,
        0.0,
        0.0
    ]
}