{
    "time": [
        0.02340102195739746,
        0.12349390983581543,
        0.22349810600280762,
        0.3234748840332031,
        0.42346906661987305,
        0.5234618186950684,
        0.6234574317932129,
        0.7234351634979248,
        0.8234796524047852,
        0.9234569072723389,
        1.0235404968261719,
        1.1235055923461914,
        1.2235281467437744,
        1.3235299587249756,
        1.423478364944458
    ],
    "navigability": [
        0.5848718285560608,
        0.5848225951194763,
        0.5843424797058105,
        0.5856849551200867,
        0.5858643054962158,
        0.5860626697540283,
        0.5845306515693665,
        0.5828374028205872,
        0.5816755294799805,
        0.5818876028060913,
        0.5807693600654602,
        0.5795335173606873,
        0.5777627229690552,
        0.5760976076126099,
        0.574931800365448
    ],
    "speed_up_level": [
        7.0,
        7.0,
        7.0,
        7.0,
        7.0,
        7.0,
        7.0,
        7.0,
        7.0,
        7.0,
        7.0,
        7.0,
        7.0,
        7.0,
        7.0
    ],
    "robot_invisiable_level": [
        5.0,
        5.0,
        5.0,
        5.0,
        5.0,
        5.0,
        5.0,
        5.0,
        5.0,
        5.0,
        5.0,
        5.0,
        5.0,
        5.0,
        5.0
    ],
    "right_side_level": [
        10.0,
        10.0,
        10.0,
        10.0,
        10.0,
        10.0,
        10.0,
        10.0,
        10.0,
        10.0,
        10.0,
        10.0,
        10.0,
        10.0,
        10.0
    ],
    "pspace_level": [
        10.0,
        10.0,
        10.0,
        10.0,
        10.0,
        10.0,
        10.0,
        10.0,
        10.0,
        10.0,
        10.0,
        10.0,
        10.0,
        10.0,
        10.0
    ],
    "weight_optimaltime": [
        11.699932098388672,
        11.699932098388672,
        11.699932098388672,
        11.699932098388672,
        11.699932098388672,
        11.699932098388672,
        11.699932098388672,
        11.69845962524414,
        11.69845962524414,
        11.69845962524414,
        11.69845962524414,
        11.69845962524414,
        11.69845962524414,
        11.69845962524414,
        11.696089744567871
    ],
    "weight_cc": [
        9.286676406860352,
        9.291354179382324,
        9.291354179382324,
        9.291354179382324,
        9.291354179382324,
        9.291354179382324,
        9.291354179382324,
        9.291354179382324,
        9.294363021850586,
        9.294363021850586,
        9.294363021850586,
        9.294363021850586,
        9.294363021850586,
        9.294363021850586,
        9.29300594329834
    ],
    "pspace_cov": [
        0.920670211315155,
        0.920670211315155,
        0.920670211315155,
        0.920670211315155,
        0.920670211315155,
        0.920670211315155,
        0.920670211315155,
        0.8965969085693359,
        0.8965969085693359,
        0.8965969085693359,
        0.8965969085693359,
        0.8965969085693359,
        0.8965969085693359,
        0.8965969085693359,
        0.8744891285896301
    ],
    "pspace_r_ratio": [
        0.7098290920257568,
        0.6706300973892212,
        0.6706300973892212,
        0.6706300973892212,
        0.6706300973892212,
        0.6706300973892212,
        0.6706300973892212,
        0.6706300973892212,
        0.6405960917472839,
        0.6405960917472839,
        0.6405960917472839,
        0.6405960917472839,
        0.6405960917472839,
        0.6405960917472839,
        0.6186490058898926
    ],
    "use_external_prediction": [
        0.0,
        0.0,
        0.0,
        0.0,
        0.0,
        0.0,
        0.0,
        0.0,
        0.0,
        0.0,
        0.0,
        0.0,
        0.0,
        0.0,
        0.0
    ]
}