{
    "time": [
        0.08008980751037598,
        0.17966461181640625,
        0.2797234058380127,
        0.3797276020050049,
        0.4797370433807373,
        0.5797247886657715,
        0.6797001361846924,
        0.7797064781188965,
        0.879702091217041,
        0.9797005653381348,
        1.0797011852264404,
        1.1797237396240234,
        1.2797224521636963,
        1.3796930313110352,
        1.4797263145446777,
        1.579704999923706,
        1.6797270774841309
    ],
    "navigability": [
        0.5749081969261169,
        0.5807943344116211,
        0.587299644947052,
        0.594077467918396,
        0.6016440987586975,
        0.6100002527236938,
        0.6189907193183899,
        0.6290374398231506,
        0.640161395072937,
        0.6525313258171082,
        0.6657804250717163,
        0.6803468465805054,
        0.6962932348251343,
        0.6940503120422363,
        0.691499650478363,
        0.6883766055107117,
        0.6846305727958679
    ],
    "speed_up_level": [
        7.0,
        7.0,
        7.0,
        7.0,
        7.0,
        7.0,
        7.0,
        7.0,
        7.0,
        7.0,
        7.0,
        7.0,
        7.0,
        7.0,
        7.0,
        7.0,
        7.0
    ],
    "robot_invisiable_level": [
        5.0,
        5.0,
        5.0,
        5.0,
        5.0,
        5.0,
        5.0,
        5.0,
        5.0,
        5.0,
        5.0,
        5.0,
        5.0,
        5.0,
        5.0,
        5.0,
        5.0
    ],
    "right_side_level": [
        10.0,
        10.0,
        10.0,
        10.0,
        10.0,
        10.0,
        10.0,
        10.0,
        10.0,
        10.0,
        10.0,
        10.0,
        10.0,
        10.0,
        10.0,
        10.0,
        10.0
    ],
    "pspace_level": [
        10.0,
        10.0,
        10.0,
        10.0,
        10.0,
        10.0,
        10.0,
        10.0,
        10.0,
        10.0,
        10.0,
        10.0,
        10.0,
        10.0,
        10.0,
        10.0,
        10.0
    ],
    "weight_optimaltime": [
        11.645362854003906,
        11.645362854003906,
        11.645362854003906,
        11.645362854003906,
        11.645362854003906,
        11.645362854003906,
        11.645362854003906,
        11.645362854003906,
        11.645362854003906,
        11.645362854003906,
        11.645362854003906,
        11.645362854003906,
        11.645362854003906,
        11.645362854003906,
        11.645362854003906,
        11.645362854003906,
        11.645362854003906
    ],
    "weight_cc": [
        9.286325454711914,
        9.27034854888916,
        9.27034854888916,
        9.27034854888916,
        9.27034854888916,
        9.27034854888916,
        9.27034854888916,
        9.27034854888916,
        9.27034854888916,
        9.27034854888916,
        9.27034854888916,
        9.27034854888916,
        9.27034854888916,
        9.27034854888916,
        9.27034854888916,
        9.27034854888916,
        9.27034854888916
    ],
    "pspace_cov": [
        0.8439545035362244,
        0.8439545035362244,
        0.8439545035362244,
        0.8439545035362244,
        0.8439545035362244,
        0.8439545035362244,
        0.8439545035362244,
        0.8439545035362244,
        0.8439545035362244,
        0.8439545035362244,
        0.8439545035362244,
        0.8439545035362244,
        0.8439545035362244,
        0.8439545035362244,
        0.8439545035362244,
        0.8439545035362244,
        0.8439545035362244
    ],
    "pspace_r_ratio": [
        0.5998554229736328,
        0.5998554229736328,
        0.5998554229736328,
        0.5998554229736328,
        0.5998554229736328,
        0.5998554229736328,
        0.5998554229736328,
        0.5998554229736328,
        0.5998554229736328,
        0.5998554229736328,
        0.5998554229736328,
        0.5998554229736328,
        0.5998554229736328,
        0.5998554229736328,
        0.5998554229736328,
        0.5998554229736328,
        0.5998554229736328
    ],
    "use_external_prediction": [
        0.0,
        0.0,
        0.0,
        0.0,
        0.0,
        0.0,
        0.0,
        0.0,
        0.0,
        0.0,
        0.0,
        0.0,
        0.0,
        0.0,
        0.0,
        0.0,
        0.0
    ]
}