{
    "time": [
        0.10494518280029297,
        0.2704770565032959,
        0.437488317489624,
        0.5945618152618408,
        0.7592940330505371,
        0.9283959865570068,
        1.1033892631530762,
        1.2791404724121094,
        1.4484035968780518,
        1.6128339767456055,
        1.7807672023773193,
        1.9524343013763428,
        2.1381995677948,
        2.3110580444335938,
        2.493281364440918,
        2.6569087505340576,
        2.8253731727600098,
        2.9955248832702637,
        3.168889284133911,
        3.3509650230407715,
        3.531128406524658,
        3.6991336345672607,
        3.8912413120269775,
        4.061239719390869,
        4.251255512237549,
        4.43892502784729,
        4.6094255447387695,
        4.777784585952759,
        4.973589658737183,
        5.158991575241089,
        5.338266372680664,
        5.538918495178223,
        5.704620599746704,
        5.885019302368164,
        6.061445713043213,
        6.240112781524658,
        6.426024436950684,
        6.636763334274292,
        6.806462049484253,
        6.9818878173828125,
        7.1877875328063965
    ],
    "navigability": [
        0.49762412905693054,
        0.5520784258842468,
        0.6122596859931946,
        0.6787748336791992,
        0.7522856593132019,
        0.7250684499740601,
        0.694989025592804,
        0.6729104518890381,
        0.672400712966919,
        0.6718528270721436,
        0.6711922883987427,
        0.6704265475273132,
        0.6695802211761475,
        0.6685792207717896,
        0.6675058007240295,
        0.6662392020225525,
        0.6647951602935791,
        0.6631664633750916,
        0.6613638401031494,
        0.6593719124794006,
        0.6571328043937683,
        0.6545945405960083,
        0.6517506837844849,
        0.6485628485679626,
        0.645072877407074,
        0.641200602054596,
        0.636827826499939,
        0.6348503232002258,
        0.6327880620956421,
        0.6305144429206848,
        0.627933919429779,
        0.6251128315925598,
        0.622000515460968,
        0.6185542941093445,
        0.6147013306617737,
        0.6106037497520447,
        0.6064790487289429,
        0.6019638180732727,
        0.5968244075775146,
        0.5912073850631714,
        0.5856247544288635
    ],
    "speed_up_level": [
        null,
        5.0,
        5.0,
        5.0,
        5.0,
        5.0,
        5.0,
        5.0,
        5.0,
        5.0,
        5.0,
        5.0,
        5.0,
        5.0,
        5.0,
        5.0,
        5.0,
        5.0,
        5.0,
        5.0,
        5.0,
        5.0,
        5.0,
        5.0,
        5.0,
        5.0,
        5.0,
        5.0,
        5.0,
        5.0,
        5.0,
        5.0,
        5.0,
        5.0,
        5.0,
        5.0,
        5.0,
        5.0,
        5.0,
        5.0,
        5.0
    ],
    "robot_invisiable_level": [
        null,
        10.0,
        10.0,
        10.0,
        10.0,
        10.0,
        10.0,
        10.0,
        10.0,
        10.0,
        10.0,
        10.0,
        10.0,
        10.0,
        10.0,
        10.0,
        10.0,
        10.0,
        10.0,
        10.0,
        10.0,
        10.0,
        10.0,
        10.0,
        10.0,
        10.0,
        10.0,
        10.0,
        10.0,
        10.0,
        10.0,
        10.0,
        10.0,
        10.0,
        10.0,
        10.0,
        10.0,
        10.0,
        10.0,
        10.0,
        10.0
    ],
    "right_side_level": [
        null,
        5.0,
        5.0,
        5.0,
        5.0,
        5.0,
        5.0,
        5.0,
        5.0,
        5.0,
        5.0,
        5.0,
        5.0,
        5.0,
        5.0,
        5.0,
        5.0,
        5.0,
        5.0,
        5.0,
        5.0,
        5.0,
        5.0,
        5.0,
        5.0,
        5.0,
        5.0,
        5.0,
        5.0,
        5.0,
        5.0,
        5.0,
        5.0,
        5.0,
        5.0,
        5.0,
        5.0,
        5.0,
        5.0,
        5.0,
        5.0
    ],
    "pspace_level": [
        null,
        10.0,
        10.0,
        10.0,
        10.0,
        10.0,
        10.0,
        10.0,
        10.0,
        10.0,
        10.0,
        10.0,
        10.0,
        10.0,
        10.0,
        10.0,
        10.0,
        10.0,
        10.0,
        10.0,
        10.0,
        10.0,
        10.0,
        10.0,
        10.0,
        10.0,
        10.0,
        10.0,
        10.0,
        10.0,
        10.0,
        10.0,
        10.0,
        10.0,
        10.0,
        10.0,
        10.0,
        10.0,
        10.0,
        10.0,
        10.0
    ],
    "weight_optimaltime": [
        null,
        16.907148361206055,
        16.907148361206055,
        17.425899505615234,
        17.425899505615234,
        18.208789825439453,
        18.208789825439453,
        18.39236831665039,
        18.39236831665039,
        18.442325592041016,
        18.442325592041016,
        18.786197662353516,
        18.786197662353516,
        18.918418884277344,
        18.918418884277344,
        18.679441452026367,
        18.679441452026367,
        18.59995460510254,
        18.59995460510254,
        18.57204246520996,
        18.57204246520996,
        18.536916732788086,
        18.536916732788086,
        18.492923736572266,
        18.492923736572266,
        18.438447952270508,
        18.438447952270508,
        18.371822357177734,
        18.371822357177734,
        18.304702758789062,
        18.304702758789062,
        18.23715591430664,
        18.23715591430664,
        18.16969108581543,
        18.16969108581543,
        18.10235595703125,
        18.10235595703125,
        18.03672218322754,
        18.03672218322754,
        17.960599899291992,
        17.960599899291992
    ],
    "weight_cc": [
        null,
        14.418025016784668,
        14.418025016784668,
        14.817164421081543,
        14.817164421081543,
        15.378711700439453,
        15.378711700439453,
        15.546944618225098,
        15.546944618225098,
        15.607975006103516,
        15.607975006103516,
        15.89260196685791,
        15.89260196685791,
        16.01460075378418,
        16.01460075378418,
        15.875457763671875,
        15.875457763671875,
        15.8211088180542,
        15.8211088180542,
        15.800110816955566,
        15.800110816955566,
        15.772854804992676,
        15.772854804992676,
        15.731260299682617,
        15.731260299682617,
        15.686363220214844,
        15.686363220214844,
        15.629230499267578,
        15.629230499267578,
        15.569889068603516,
        15.569889068603516,
        15.508289337158203,
        15.508289337158203,
        15.45059585571289,
        15.45059585571289,
        15.383246421813965,
        15.383246421813965,
        15.313735008239746,
        15.313735008239746,
        15.22912311553955,
        15.22912311553955
    ],