{
    "time": [
        0.12318086624145508,
        0.281078577041626,
        0.4409627914428711,
        0.5902888774871826,
        0.7424113750457764,
        0.9072799682617188,
        1.0558409690856934,
        1.220496654510498,
        1.3843505382537842,
        1.5489041805267334,
        1.705998420715332,
        1.8637094497680664,
        2.017911911010742,
        2.1799187660217285,
        2.3333122730255127,
        2.4909870624542236,
        2.657811403274536,
        2.813861846923828,
        2.962010145187378,
        3.1017792224884033,
        3.259019136428833,
        3.412311553955078,
        3.5674431324005127,
        3.7145440578460693,
        3.868161201477051,
        4.0170416831970215,
        4.166594743728638
    ],
    "navigability": [
        0.6703828573226929,
        0.6629328727722168,
        0.6558393836021423,
        0.6479218602180481,
        0.6407183408737183,
        0.6327571868896484,
        0.6260154843330383,
        0.61856609582901,
        0.612148106098175,
        0.6057157516479492,
        0.5986226797103882,
        0.5925363302230835,
        0.5866231322288513,
        0.580129086971283,
        0.5748389363288879,
        0.5699665546417236,
        0.563790500164032,
        0.5569944381713867,
        0.5511378049850464,
        0.5458583831787109,
        0.5405452251434326,
        0.5346731543540955,
        0.5297439694404602,
        0.5248218178749084,
        0.5194063782691956,
        0.5150370001792908,
        0.5108690857887268
    ],
    "speed_up_level": [
        10.0,
        5.0,
        5.0,
        5.0,
        5.0,
        5.0,
        5.0,
        5.0,
        5.0,
        5.0,
        5.0,
        5.0,
        5.0,
        5.0,
        5.0,
        5.0,
        5.0,
        5.0,
        5.0,
        5.0,
        5.0,
        5.0,
        5.0,
        5.0,
        5.0,
        5.0,
        5.0
    ],
    "robot_invisiable_level": [
        0.0,
        0.0,
        0.0,
        0.0,
        0.0,
        0.0,
        0.0,
        0.0,
        0.0,
        0.0,
        0.0,
        0.0,
        0.0,
        0.0,
        0.0,
        0.0,
        0.0,
        0.0,
        0.0,
        0.0,
        0.0,
        0.0,
        0.0,
        0.0,
        0.0,
        0.0,
        0.0
    ],
    "right_side_level": [
        0.0,
        5.0,
        5.0,
        5.0,
        5.0,
        5.0,
        5.0,
        5.0,
        5.0,
        5.0,
        5.0,
        5.0,
        5.0,
        5.0,
        5.0,
        5.0,
        5.0,
        5.0,
        5.0,
        5.0,
        5.0,
        5.0,
        5.0,
        5.0,
        5.0,
        5.0,
        5.0
    ],
    "pspace_level": [
        0.0,
        10.0,
        10.0,
        10.0,
        10.0,
        10.0,
        10.0,
        10.0,
        10.0,
        10.0,
        10.0,
        10.0,
        10.0,
        10.0,
        10.0,
        10.0,
        10.0,
        10.0,
        10.0,
        10.0,
        10.0,
        10.0,
        10.0,
        10.0,
        10.0,
        10.0,
        10.0
    ],
    "weight_optimaltime": [
        24.368940353393555,
        18.692968368530273,
        18.692968368530273,
        18.692968368530273,
        18.692968368530273,
        18.692968368530273,
        18.692968368530273,
        18.692968368530273,
        18.692968368530273,
        18.692968368530273,
        18.692968368530273,
        18.692968368530273,
        18.692968368530273,
        18.692968368530273,
        18.692968368530273,
        18.692968368530273,
        18.692968368530273,
        18.692968368530273,
        18.692968368530273,
        18.692968368530273,
        18.692968368530273,
        18.692968368530273,
        18.692968368530273,
        18.692968368530273,
        18.692968368530273,
        18.692968368530273,
        18.692968368530273
    ],
    "weight_cc": [
        6.0552754402160645,
        6.0552754402160645,
        6.0552754402160645,
        6.0552754402160645,
        6.0552754402160645,
        6.0552754402160645,
        6.0552754402160645,
        6.0552754402160645,
        6.0552754402160645,
        6.0552754402160645,
        6.0552754402160645,
        6.0552754402160645,
        6.0552754402160645,
        6.0552754402160645,
        6.0552754402160645,
        6.0552754402160645,
        6.0552754402160645,
        6.0552754402160645,
        6.0552754402160645,
        6.0552754402160645,
        6.0552754402160645,
        6.0552754402160645,
        6.0552754402160645,
        6.0552754402160645,
        6.0552754402160645,
        6.0552754402160645,
        6.0552754402160645
    ],
    "pspace_cov": [
        0.6031063199043274,
        0.9539569020271301,
        0.9539569020271301,
        0.9539569020271301,
        0.9539569020271301,
        0.9539569020271301,
        0.9539569020271301,
        0.9539569020271301,
        0.9539569020271301,
        0.9539569020271301,
        0.9539569020271301,
        0.9539569020271301,
        0.9539569020271301,
        0.9539569020271301,
        0.9539569020271301,
        0.9539569020271301,
        0.9539569020271301,
        0.9539569020271301,
        0.9539569020271301,
        0.9539569020271301,
        0.9539569020271301,
        0.9539569020271301,
        0.9539569020271301,
        0.9539569020271301,
        0.9539569020271301,
        0.9539569020271301,
        0.9539569020271301
    ],
    "pspace_r_ratio": [
        0.5392031669616699,
        0.5392031669616699,
        0.5392031669616699,
        0.5392031669616699,
        0.5392031669616699,
        0.5392031669616699,
        0.5392031669616699,
        0.5392031669616699,
        0.5392031669616699,
        0.5392031669616699,
        0.5392031669616699,
        0.5392031669616699,
        0.5392031669616699,
        0.5392031669616699,
        0.5392031669616699,
        0.5392031669616699,
        0.5392031669616699,
        0.5392031669616699,
        0.5392031669616699,
        0.5392031669616699,
        0.5392031669616699,
        0.5392031669616699,
        0.5392031669616699,
        0.5392031669616699,
        0.5392031669616699,
        0.5392031669616699,
        0.5392031669616699
    ],
    "use_external_prediction": [
        1.0,
        1.0,
        1.0,
        1.0,
        1.0,
        1.0,
        1.0,
        1.0,
        1.0,
        1.0,
        1.0,
        1.0,
        1.0,
        1.0,
        1.0,
        1.0,
        1.0,
        1.0,
        1.0,
        1.0,
        1.0,
        1.0,
        1.0,
        1.0,
        1.0,
        1.0,
        1.0
    ]
}