{
    "time": [
        0.08364486694335938,
        0.27825498580932617,
        0.4485766887664795,
        0.6398606300354004,
        0.8111300468444824,
        0.9730756282806396,
        1.1428465843200684,
        1.3271636962890625,
        1.5095393657684326
    ],
    "navigability": [
        0.6201120018959045,
        0.6202871799468994,
        0.6222844123840332,
        0.6241939067840576,
        0.6241576671600342,
        0.6241152286529541,
        0.6240794658660889,
        0.6240200996398926,
        0.6239545345306396
    ],
    "speed_up_level": [
        5.0,
        5.0,
        5.0,
        5.0,
        5.0,
        5.0,
        5.0,
        5.0,
        5.0
    ],
    "robot_invisiable_level": [
        10.0,
        10.0,
        10.0,
        10.0,
        10.0,
        10.0,
        10.0,
        10.0,
        10.0
    ],
    "right_side_level": [
        5.0,
        5.0,
        5.0,
        5.0,
        5.0,
        5.0,
        5.0,
        5.0,
        5.0
    ],
    "pspace_level": [
        10.0,
        10.0,
        10.0,
        10.0,
        10.0,
        10.0,
        10.0,
        10.0,
        10.0
    ],
    "weight_optimaltime": [
        16.877653121948242,
        16.420591354370117,
        16.420591354370117,
        15.98285961151123,
        15.98285961151123,
        15.56436538696289,
        15.56436538696289,
        15.1533842086792,
        15.1533842086792
    ],
    "weight_cc": [
        17.58481216430664,
        17.159011840820312,
        17.159011840820312,
        16.748882293701172,
        16.748882293701172,
        16.355222702026367,
        16.355222702026367,
        15.969952583312988,
        15.969952583312988
    ],
    "pspace_cov": [
        0.9973382353782654,
        0.9754747152328491,
        0.9754747152328491,
        0.9545409083366394,
        0.9545409083366394,
        0.9345328211784363,
        0.9345328211784363,
        0.9148988127708435,
        0.9148988127708435
    ],
    "pspace_r_ratio": [
        0.6732812523841858,
        0.6588131189346313,
        0.6588131189346313,
        0.6456769108772278,
        0.6456769108772278,
        0.633818507194519,
        0.633818507194519,
        0.6228101253509521,
        0.6228101253509521
    ],
    "use_external_prediction": [
        0.0,
        0.0,
        0.0,
        0.0,
        0.0,
        0.0,
        0.0,
        0.0,
        0.0
    ]
}