{
    "time": [
        0.15046048164367676,
        0.3015577793121338,
        0.4609534740447998,
        0.6295642852783203,
        0.7812471389770508,
        0.9337804317474365,
        1.091536521911621,
        1.25286865234375,
        1.4149577617645264,
        1.57899808883667,
        1.7343108654022217,
        1.8729417324066162,
        2.040416717529297,
        2.202866315841675,
        2.363098621368408,
        2.5198473930358887,
        2.6794207096099854,
        2.8334994316101074,
        2.9874019622802734,
        3.1425812244415283,
        3.3005263805389404,
        3.462299108505249,
        3.6561713218688965,
        3.8130035400390625,
        3.962280750274658,
        4.118919372558594,
        4.283719539642334,
        4.445661306381226,
        4.608724117279053,
        4.77961802482605,
        4.922770977020264,
        5.0745155811309814,
        5.23190450668335,
        5.395382404327393,
        5.548827409744263,
        5.711803913116455,
        5.874669790267944,
        6.02256965637207,
        6.183387517929077,
        6.336810827255249,
        6.498312950134277,
        6.6729416847229,
        6.829702854156494,
        6.971426486968994,
        7.132789134979248,
        7.298162460327148,
        7.477047920227051,
        7.643109560012817,
        7.796504259109497,
        7.946238279342651,
        8.109240770339966,
        8.272481203079224,
        8.414369821548462,
        8.578001022338867,
        8.725960731506348
    ],
    "navigability": [
        0.42169469594955444,
        0.4220515191555023,
        0.4223692715167999,
        0.4226680099964142,
        0.4229346215724945,
        0.4231697916984558,
        0.4233882427215576,
        0.4235839545726776,
        0.42379000782966614,
        0.42397499084472656,
        0.4241475760936737,
        0.4703165888786316,
        0.5213646292686462,
        0.5152807235717773,
        0.5085568428039551,
        0.5015088319778442,
        0.4937193691730499,
        0.48537278175354004,
        0.4761483073234558,
        0.47610795497894287,
        0.4760632812976837,
        0.47417396306991577,
        0.4720860421657562,
        0.4720490872859955,
        0.4720032513141632,
        0.4726887345314026,
        0.47346556186676025,
        0.4725557565689087,
        0.47155043482780457,
        0.47157958149909973,
        0.47161200642585754,
        0.4715925455093384,
        0.4715709090232849,
        0.47174111008644104,
        0.4719448983669281,
        0.47245803475379944,
        0.4734291136264801,
        0.47448796033859253,
        0.4754149317741394,
        0.476433128118515,
        0.477624773979187,
        0.4787943661212921,
        0.48010149598121643,
        0.4807053208351135,
        0.4813729524612427,
        0.48191702365875244,
        0.48251816630363464,
        0.482422411441803,
        0.4825156629085541,
        0.48263323307037354,
        0.48290717601776123,
        0.4832046329975128,
        0.4836606979370117,
        0.4841734766960144,
        0.48432523012161255
    ],
    "speed_up_level": [
        null,
        null,
        5.0,
        5.0,
        5.0,
        5.0,
        5.0,
        5.0,
        5.0,
        5.0,
        5.0,
        5.0,
        5.0,
        5.0,
        5.0,
        5.0,
        5.0,
        5.0,
        5.0,
        5.0,
        5.0,
        5.0,
        5.0,
        5.0,
        5.0,
        5.0,
        5.0,
        5.0,
        5.0,
        5.0,
        5.0,
        5.0,
        5.0,
        5.0,
        5.0,
        5.0,
        5.0,
        5.0,
        5.0,
        5.0,
        5.0,
        5.0,
        5.0,
        5.0,
        5.0,
        5.0,
        5.0,
        5.0,
        5.0,
        5.0,
        5.0,
        5.0,
        5.0,
        5.0,
        5.0
    ],
    "robot_invisiable_level": [
        null,
        null,
        10.0,
        10.0,
        10.0,
        10.0,
        10.0,
        10.0,
        10.0,
        10.0,
        10.0,
        10.0,
        10.0,
        10.0,
        10.0,
        10.0,
        10.0,
        10.0,
        10.0,
        10.0,
        10.0,
        10.0,
        10.0,
        10.0,
        10.0,
        10.0,
        10.0,
        10.0,
        10.0,
        10.0,
        10.0,
        10.0,
        10.0,
        10.0,
        10.0,
        10.0,
        10.0,
        10.0,
        10.0,
        10.0,
        10.0,
        10.0,
        10.0,
        10.0,
        10.0,
        10.0,
        10.0,
        10.0,
        10.0,
        10.0,
        10.0,
        10.0,
        10.0,
        10.0,
        10.0
    ],
    "right_side_level": [
        null,
        null,
        5.0,
        5.0,
        5.0,
        5.0,
        5.0,
        5.0,
        5.0,
        5.0,
        5.0,
        5.0,
        5.0,
        5.0,
        5.0,
        5.0,
        5.0,
        5.0,
        5.0,
        5.0,
        5.0,
        5.0,
        5.0,
        5.0,
        5.0,
        5.0,
        5.0,
        5.0,
        5.0,
        5.0,
        5.0,
        5.0,
        5.0,
        5.0,
        5.0,
        5.0,
        5.0,
        5.0,
        5.0,
        5.0,
        5.0,
        5.0,
        5.0,
        5.0,
        5.0,
        5.0,
        5.0,
        5.0,
        5.0,
        5.0,
        5.0,
        5.0,
        5.0,
        5.0,
        5.0
    ],
    "pspace_level": [
        null,
        null,
        10.0,
        10.0,
        10.0,
        10.0,
        10.0,
        10.0,
        10.0,
        10.0,
        10.0,
        10.0,
        10.0,
        10.0,
        10.0,
        10.0,
        10.0,
        10.0,
        10.0,
        10.0,
        10.0,
        10.0,
        10.0,
        10.0,
        10.0,
        10.0,
        10.0,
        10.0,
        10.0,
        10.0,
        10.0,
        10.0,
        10.0,
        10.0,
        10.0,
        10.0,
        10.0,
        10.0,
        10.0,
        10.0,
        10.0,
        10.0,
        10.0,
        10.0,
        10.0,
        10.0,
        10.0,
        10.0,
        10.0,
        10.0,
        10.0,
        10.0,
        10.0,
        10.0,
        10.0
    ],
    "weight_optimaltime": [
        null,
        null,
        15.471982955932617,
        15.471982955932617,
        15.471445083618164,
        15.471445083618164,
        15.470976829528809,
        15.470976829528809,
        15.470565795898438,
        15.470565795898438,
        15.470187187194824,
        15.470187187194824,
        15.461272239685059,
        15.461272239685059,
        15.475509643554688,
        15.475509643554688,
        15.46866226196289,
        15.46866226196289,
        15.459802627563477,
        15.459802627563477,
        15.451303482055664,
        15.451303482055664,
        15.451133728027344,
        15.451133728027344,
        15.428116798400879,
        15.428116798400879,
        15.42633056640625,
        15.42633056640625,
        15.426703453063965,
        15.426703453063965,
        15.426892280578613,
        15.426892280578613,
        15.427003860473633,
        15.427003860473633,
        15.427017211914062,
        15.427017211914062,
        15.427027702331543,
        15.427027702331543,
        15.426945686340332,
        15.426945686340332,
        15.42674446105957,
        15.42674446105957,
        15.426459312438965,
        15.426459312438965,
        15.426128387451172,
        15.426128387451172,
        15.42580795288086,
        15.42580795288086,
        15.42556381225586,
        15.42556381225586,
        15.425393104553223,
        15.425393104553223,
        15.425296783447266,
        15.425296783447266,
        15.425236701965332
    ],