{
    "time": [
        0.08479619026184082,
        0.25954556465148926,
        0.427354097366333,
        0.5872488021850586,
        0.7547502517700195,
        0.9279143810272217,
        1.1161093711853027,
        1.2809224128723145,
        1.4501349925994873,
        1.6152453422546387,
        1.794191598892212,
        1.9736347198486328,
        2.1541409492492676,
        2.3366219997406006,
        2.491978406906128,
        2.661691188812256,
        2.8299524784088135,
        3.002101182937622,
        3.175980567932129,
        3.353883981704712,
        3.512585163116455,
        3.677825689315796,
        3.855607748031616,
        4.038274049758911,
        4.211880922317505,
        4.387631177902222,
        4.550930500030518,
        4.722013473510742,
        4.919198989868164,
        5.085009813308716,
        5.262564659118652,
        5.429051160812378,
        5.599137306213379,
        5.775350093841553,
        5.966616868972778,
        6.134557723999023,
        6.305156230926514,
        6.488485097885132,
        6.652436971664429,
        6.827977180480957,
        6.997024059295654,
        7.174968957901001,
        7.362833499908447,
        7.533758163452148,
        7.681380033493042,
        7.854808568954468,
        8.030636310577393,
        8.215986251831055,
        8.399203538894653,
        8.573129892349243,
        8.73235297203064
    ],
    "navigability": [
        0.6266209483146667,
        0.6272335052490234,
        0.6279104948043823,
        0.6286551356315613,
        0.6294891238212585,
        0.6304114460945129,
        0.631430983543396,
        0.638272225856781,
        0.6458339691162109,
        0.6485861539840698,
        0.6516260504722595,
        0.6549801826477051,
        0.6586912274360657,
        0.6627963185310364,
        0.6673331260681152,
        0.6722408533096313,
        0.6776646971702576,
        0.6838895082473755,
        0.6907684206962585,
        0.6912885904312134,
        0.6918617486953735,
        0.6971636414527893,
        0.7030894756317139,
        0.7096390128135681,
        0.7164788246154785,
        0.724037766456604,
        0.7324639558792114,
        0.7417762875556946,
        0.7527207136154175,
        0.7648162841796875,
        0.7646448016166687,
        0.7644554376602173,
        0.7643319368362427,
        0.764195442199707,
        0.7642745971679688,
        0.7643647193908691,
        0.7642927169799805,
        0.7642121911048889,
        0.7642395496368408,
        0.7642775774002075,
        0.7642974257469177,
        0.7643187642097473,
        0.7643696069717407,
        0.7643924951553345,
        0.7644172310829163,
        0.7645052671432495,
        0.7646026611328125,
        0.7645657658576965,
        0.7645857930183411,
        0.7646088600158691,
        0.7646728157997131
    ],
    "speed_up_level": [
        5.0,
        5.0,
        5.0,
        5.0,
        5.0,
        5.0,
        5.0,
        5.0,
        5.0,
        5.0,
        5.0,
        5.0,
        5.0,
        5.0,
        5.0,
        5.0,
        5.0,
        5.0,
        5.0,
        5.0,
        5.0,
        5.0,
        5.0,
        5.0,
        5.0,
        5.0,
        5.0,
        5.0,
        5.0,
        5.0,
        5.0,
        5.0,
        5.0,
        5.0,
        5.0,
        5.0,
        5.0,
        5.0,
        5.0,
        5.0,
        5.0,
        5.0,
        5.0,
        5.0,
        5.0,
        5.0,
        5.0,
        5.0,
        5.0,
        5.0,
        5.0
    ],
    "robot_invisiable_level": [
        10.0,
        10.0,
        10.0,
        10.0,
        10.0,
        10.0,
        10.0,
        10.0,
        10.0,
        10.0,
        10.0,
        10.0,
        10.0,
        10.0,
        10.0,
        10.0,
        10.0,
        10.0,
        10.0,
        10.0,
        10.0,
        10.0,
        10.0,
        10.0,
        10.0,
        10.0,
        10.0,
        10.0,
        10.0,
        10.0,
        10.0,
        10.0,
        10.0,
        10.0,
        10.0,
        10.0,
        10.0,
        10.0,
        10.0,
        10.0,
        10.0,
        10.0,
        10.0,
        10.0,
        10.0,
        10.0,
        10.0,
        10.0,
        10.0,
        10.0,
        10.0
    ],
    "right_side_level": [
        5.0,
        5.0,
        5.0,
        5.0,
        5.0,
        5.0,
        5.0,
        5.0,
        5.0,
        5.0,
        5.0,
        5.0,
        5.0,
        5.0,
        5.0,
        5.0,
        5.0,
        5.0,
        5.0,
        5.0,
        5.0,
        5.0,
        5.0,
        5.0,
        5.0,
        5.0,
        5.0,
        5.0,
        5.0,
        5.0,
        5.0,
        5.0,
        5.0,
        5.0,
        5.0,
        5.0,
        5.0,
        5.0,
        5.0,
        5.0,
        5.0,
        5.0,
        5.0,
        5.0,
        5.0,
        5.0,
        5.0,
        5.0,
        5.0,
        5.0,
        5.0
    ],
    "pspace_level": [
        10.0,
        10.0,
        10.0,
        10.0,
        10.0,
        10.0,
        10.0,
        10.0,
        10.0,
        10.0,
        10.0,
        10.0,
        10.0,
        10.0,
        10.0,
        10.0,
        10.0,
        10.0,
        10.0,
        10.0,
        10.0,
        10.0,
        10.0,
        10.0,
        10.0,
        10.0,
        10.0,
        10.0,
        10.0,
        10.0,
        10.0,
        10.0,
        10.0,
        10.0,
        10.0,
        10.0,
        10.0,
        10.0,
        10.0,
        10.0,
        10.0,
        10.0,
        10.0,
        10.0,
        10.0,
        10.0,
        10.0,
        10.0,
        10.0,
        10.0,
        10.0
    ],
    "weight_optimaltime": [
        14.749778747558594,
        14.786457061767578,
        14.786457061767578,
        14.818309783935547,
        14.818309783935547,
        14.848630905151367,
        14.848630905151367,
        14.890373229980469,
        14.890373229980469,
        15.012052536010742,
        15.012052536010742,
        15.149042129516602,
        15.149042129516602,
        15.314164161682129,
        15.314164161682129,
        15.510875701904297,
        15.510875701904297,
        15.74118423461914,
        15.74118423461914,
        15.942294120788574,
        15.942294120788574,
        16.116601943969727,
        16.116601943969727,
        16.29148292541504,
        16.29148292541504,
        16.46224594116211,
        16.46224594116211,
        16.623565673828125,
        16.623565673828125,
        16.77211570739746,
        16.77211570739746,
        16.947799682617188,
        16.947799682617188,
        17.086702346801758,
        17.086702346801758,
        17.18901824951172,
        17.18901824951172,
        17.256240844726562,
        17.256240844726562,
        17.286073684692383,
        17.286073684692383,
        17.2852725982666,
        17.2852725982666,
        17.285358428955078,
        17.285358428955078,
        17.285688400268555,
        17.285688400268555,
        17.28640365600586,
        17.28640365600586,
        17.287202835083008,
        17.287202835083008
    ],