{
    "time": [
        0.12169837951660156,
        0.2854280471801758,
        0.44173407554626465,
        0.6068568229675293,
        0.7739055156707764,
        0.9314877986907959,
        1.0983495712280273,
        1.2735121250152588,
        1.4384849071502686,
        1.6143434047698975,
        1.7811801433563232,
        1.931025743484497,
        2.093829870223999,
        2.2602574825286865,
        2.4313855171203613,
        2.5972023010253906,
        2.7519121170043945,
        2.8962998390197754,
        3.0611588954925537,
        3.2207045555114746,
        3.376969814300537,
        3.542611598968506,
        3.6968917846679688,
        3.8411102294921875,
        3.998997211456299,
        4.158945083618164,
        4.316821813583374,
        4.469159126281738,
        4.638623237609863,
        4.8042778968811035,
        4.952719449996948,
        5.126276016235352,
        5.294490337371826,
        5.459153175354004,
        5.625217914581299,
        5.798116683959961,
        5.9575910568237305,
        6.140353441238403,
        6.313291072845459,
        6.4962685108184814,
        6.682896852493286,
        6.867624521255493,
        7.134448528289795,
        7.851953983306885,
        8.731227397918701,
        9.2895348072052,
        9.54070258140564,
        9.730170249938965
    ],
    "navigability": [
        0.6784628629684448,
        0.6781769394874573,
        0.6778007745742798,
        0.6773295402526855,
        0.6767908334732056,
        0.6762229800224304,
        0.6755803227424622,
        0.6748422980308533,
        0.6740005016326904,
        0.6730711460113525,
        0.6720771193504333,
        0.6709452271461487,
        0.6696503162384033,
        0.6681904196739197,
        0.6665824055671692,
        0.6647641658782959,
        0.6628045439720154,
        0.6605387330055237,
        0.6580345034599304,
        0.6552181243896484,
        0.6521055102348328,
        0.6486379504203796,
        0.644763171672821,
        0.6404699683189392,
        0.6356702446937561,
        0.6303712129592896,
        0.6244832873344421,
        0.6181366443634033,
        0.6110568642616272,
        0.6047825217247009,
        0.5978484153747559,
        0.5917114019393921,
        0.5849287509918213,
        0.5792378783226013,
        0.572925865650177,
        0.5676512122154236,
        0.5618216395378113,
        0.5573590993881226,
        0.5524328947067261,
        0.547591507434845,
        0.5422388911247253,
        0.5368267893791199,
        0.5308538675308228,
        0.5251162052154541,
        0.5192928314208984,
        0.5128570795059204,
        0.5068719983100891,
        0.5002415180206299
    ],
    "speed_up_level": [
        5.0,
        5.0,
        5.0,
        5.0,
        5.0,
        5.0,
        5.0,
        5.0,
        5.0,
        5.0,
        5.0,
        5.0,
        5.0,
        5.0,
        5.0,
        5.0,
        5.0,
        5.0,
        5.0,
        5.0,
        5.0,
        5.0,
        5.0,
        5.0,
        5.0,
        5.0,
        5.0,
        5.0,
        5.0,
        5.0,
        5.0,
        5.0,
        5.0,
        5.0,
        5.0,
        5.0,
        5.0,
        5.0,
        5.0,
        5.0,
        5.0,
        5.0,
        5.0,
        5.0,
        5.0,
        5.0,
        5.0,
        5.0
    ],
    "robot_invisiable_level": [
        0.0,
        0.0,
        0.0,
        0.0,
        0.0,
        0.0,
        0.0,
        0.0,
        0.0,
        0.0,
        0.0,
        0.0,
        0.0,
        0.0,
        0.0,
        0.0,
        0.0,
        0.0,
        0.0,
        0.0,
        0.0,
        0.0,
        0.0,
        0.0,
        0.0,
        0.0,
        0.0,
        0.0,
        0.0,
        0.0,
        0.0,
        0.0,
        0.0,
        0.0,
        0.0,
        0.0,
        0.0,
        0.0,
        0.0,
        0.0,
        0.0,
        0.0,
        0.0,
        0.0,
        0.0,
        0.0,
        0.0,
        0.0
    ],
    "right_side_level": [
        5.0,
        5.0,
        5.0,
        5.0,
        5.0,
        5.0,
        5.0,
        5.0,
        5.0,
        5.0,
        5.0,
        5.0,
        5.0,
        5.0,
        5.0,
        5.0,
        5.0,
        5.0,
        5.0,
        5.0,
        5.0,
        5.0,
        5.0,
        5.0,
        5.0,
        5.0,
        5.0,
        5.0,
        5.0,
        5.0,
        5.0,
        5.0,
        5.0,
        5.0,
        5.0,
        5.0,
        5.0,
        5.0,
        5.0,
        5.0,
        5.0,
        5.0,
        5.0,
        5.0,
        5.0,
        5.0,
        5.0,
        5.0
    ],
    "pspace_level": [
        10.0,
        10.0,
        10.0,
        10.0,
        10.0,
        10.0,
        10.0,
        10.0,
        10.0,
        10.0,
        10.0,
        10.0,
        10.0,
        10.0,
        10.0,
        10.0,
        10.0,
        10.0,
        10.0,
        10.0,
        10.0,
        10.0,
        10.0,
        10.0,
        10.0,
        10.0,
        10.0,
        10.0,
        10.0,
        10.0,
        10.0,
        10.0,
        10.0,
        10.0,
        10.0,
        10.0,
        10.0,
        10.0,
        10.0,
        10.0,
        10.0,
        10.0,
        10.0,
        10.0,
        10.0,
        10.0,
        10.0,
        10.0
    ],
    "weight_optimaltime": [
        18.692968368530273,
        18.692968368530273,
        18.692968368530273,
        18.692968368530273,
        18.692968368530273,
        18.692968368530273,
        18.692968368530273,
        18.692968368530273,
        18.692968368530273,
        18.692968368530273,
        18.692968368530273,
        18.692968368530273,
        18.692968368530273,
        18.692968368530273,
        18.692968368530273,
        18.692968368530273,
        18.692968368530273,
        18.692968368530273,
        18.692968368530273,
        18.692968368530273,
        18.692968368530273,
        18.692968368530273,
        18.692968368530273,
        18.692968368530273,
        18.692968368530273,
        18.692968368530273,
        18.692968368530273,
        18.692968368530273,
        18.692968368530273,
        18.692968368530273,
        18.692968368530273,
        18.692968368530273,
        18.692968368530273,
        18.692968368530273,
        18.692968368530273,
        18.692968368530273,
        18.692968368530273,
        18.692968368530273,
        18.692968368530273,
        18.692968368530273,
        18.692968368530273,
        18.692968368530273,
        18.692968368530273,
        18.692968368530273,
        18.692968368530273,
        18.692968368530273,
        18.692968368530273,
        18.692968368530273
    ],