{
    "time": [
        0.05626487731933594,
        0.21557831764221191,
        0.37270641326904297,
        0.5312075614929199,
        0.6960272789001465
    ],
    "navigability": [
        0.7544199228286743,
        0.7536380290985107,
        0.7527738809585571,
        0.7519850134849548,
        0.7511130571365356
    ],
    "speed_up_level": [
        10.0,
        10.0,
        10.0,
        10.0,
        10.0
    ],
    "robot_invisiable_level": [
        0.0,
        0.0,
        0.0,
        0.0,
        0.0
    ],
    "right_side_level": [
        0.0,
        0.0,
        0.0,
        0.0,
        0.0
    ],
    "pspace_level": [
        0.0,
        0.0,
        0.0,
        0.0,
        0.0
    ],
    "weight_optimaltime": [
        21.203079223632812,
        21.203079223632812,
        21.20408058166504,
        21.20408058166504,
        21.204349517822266
    ],
    "weight_cc": [
        4.27755069732666,
        4.27755069732666,
        4.331656455993652,
        4.331656455993652,
        4.368802070617676
    ],
    "pspace_cov": [
        0.5905881524085999,
        0.5905881524085999,
        0.5917186141014099,
        0.5917186141014099,
        0.5925185680389404
    ],
    "pspace_r_ratio": [
        0.5265936255455017,
        0.5265936255455017,
        0.5274552702903748,
        0.5274552702903748,
        0.5280001759529114
    ],
    "use_external_prediction": [
        1.0,
        1.0,
        1.0,
        1.0,
        1.0
    ]
}