{
    "time": [
        0.029964923858642578,
        0.15764379501342773,
        0.285733699798584,
        0.4150831699371338,
        0.551532506942749,
        0.7011821269989014
    ],
    "navigability": [
        0.18128706514835358,
        0.20037506520748138,
        0.2214706391096115,
        0.24479363858699799,
        0.2454831898212433,
        0.24624906480312347
    ],
    "speed_up_level": [
        10.0,
        10.0,
        10.0,
        10.0,
        10.0,
        10.0
    ],
    "robot_invisiable_level": [
        0.0,
        0.0,
        0.0,
        0.0,
        0.0,
        0.0
    ],
    "right_side_level": [
        0.0,
        0.0,
        0.0,
        0.0,
        0.0,
        0.0
    ],
    "pspace_level": [
        0.0,
        0.0,
        0.0,
        0.0,
        0.0,
        0.0
    ],
    "weight_optimaltime": [
        19.532211303710938,
        19.532211303710938,
        19.54252052307129,
        19.54252052307129,
        19.568435668945312,
        19.568435668945312
    ],
    "weight_cc": [
        3.154395341873169,
        3.154395341873169,
        3.1472628116607666,
        3.1472628116607666,
        3.1298186779022217,
        3.1298186779022217
    ],
    "pspace_cov": [
        0.49992188811302185,
        0.49992188811302185,
        0.4996894896030426,
        0.4996894896030426,
        0.49912503361701965,
        0.49912503361701965
    ],
    "pspace_r_ratio": [
        0.3993597626686096,
        0.3993597626686096,
        0.4042056202888489,
        0.4042056202888489,
        0.4091663360595703,
        0.4091663360595703
    ],
    "use_external_prediction": [
        0.0,
        0.0,
        0.0,
        0.0,
        0.0,
        0.0
    ]
}