{
    "time": [
        0.0322566032409668,
        0.15090274810791016,
        0.2774348258972168,
        0.40393495559692383,
        0.549858570098877,
        0.6690349578857422,
        0.7994599342346191,
        0.9261763095855713,
        1.0486469268798828,
        1.1727705001831055,
        1.301802158355713,
        1.4312162399291992,
        1.5606203079223633,
        1.694061040878296,
        1.8208723068237305,
        1.943584680557251,
        2.076262950897217,
        2.2048773765563965,
        2.3258121013641357,
        2.448521137237549,
        2.579277992248535,
        2.704829692840576,
        2.8314225673675537,
        2.9594621658325195,
        3.0934183597564697,
        3.21090030670166,
        3.3223021030426025,
        3.4469492435455322,
        3.5745584964752197,
        3.7017011642456055,
        3.8323774337768555,
        3.9685027599334717,
        4.090768814086914,
        4.214362859725952,
        4.3315606117248535,
        4.456756353378296,
        4.5868096351623535,
        4.712172269821167,
        4.840220212936401,
        4.971821069717407,
        5.112260818481445,
        5.242893695831299,
        5.367609739303589,
        5.5134992599487305,
        5.6524529457092285,
        5.787477493286133,
        5.917714834213257,
        6.066169738769531,
        6.201540231704712,
        6.327873945236206,
        6.445767402648926,
        6.574579477310181,
        6.70239782333374,
        6.833186149597168,
        6.952564001083374,
        7.088373422622681,
        7.228602886199951,
        7.347301959991455,
        7.466433525085449,
        7.593598127365112,
        7.742048263549805
    ],
    "navigability": [
        0.008821424096822739,
        0.008809653110802174,
        0.008795809000730515,
        0.008797110058367252,
        0.008796876296401024,
        0.00879661738872528,
        0.008796834386885166,
        0.00879573542624712,
        0.008794520981609821,
        0.008793511427938938,
        0.008792564272880554,
        0.008774920366704464,
        0.008770848624408245,
        0.008749246597290039,
        0.008725376799702644,
        0.008715090341866016,
        0.00870372261852026,
        0.008691159076988697,
        0.008677277714014053,
        0.008661934174597263,
        0.008645143359899521,
        0.008626588620245457,
        0.008606083691120148,
        0.008583419024944305,
        0.008558370172977448,
        0.008530687540769577,
        0.008500093594193459,
        0.008466283790767193,
        0.008428915403783321,
        0.00837101973593235,
        0.008307036943733692,
        0.008236321620643139,
        0.008158170618116856,
        0.008088398724794388,
        0.008011288940906525,
        0.00792607106268406,
        0.00783188920468092,
        0.00775546720251441,
        0.007671008352190256,
        0.007632994558662176,
        0.007590984459966421,
        0.007527958136051893,
        0.007502565626055002,
        0.007474502082914114,
        0.007432254496961832,
        0.007380031514912844,
        0.007322481833398342,
        0.00729761179536581,
        0.007286725100129843,
        0.00727452477440238,
        0.007277640048414469,
        0.00728125125169754,
        0.007285242900252342,
        0.007289653643965721,
        0.007294526323676109,
        0.007294380571693182,
        0.0072942194528877735,
        0.007294040638953447,
        0.007293843198567629,
        0.0072936248034238815,
        0.007293384056538343
    ],
    "speed_up_level": [
        10.0,
        10.0,
        10.0,
        10.0,
        10.0,
        10.0,
        10.0,
        10.0,
        10.0,
        10.0,
        10.0,
        10.0,
        10.0,
        10.0,
        10.0,
        10.0,
        10.0,
        10.0,
        10.0,
        10.0,
        10.0,
        10.0,
        10.0,
        10.0,
        10.0,
        10.0,
        10.0,
        10.0,
        10.0,
        10.0,
        10.0,
        10.0,
        10.0,
        10.0,
        10.0,
        10.0,
        10.0,
        10.0,
        10.0,
        10.0,
        10.0,
        10.0,
        10.0,
        10.0,
        10.0,
        10.0,
        10.0,
        10.0,
        10.0,
        10.0,
        10.0,
        10.0,
        10.0,
        10.0,
        10.0,
        10.0,
        10.0,
        10.0,
        10.0,
        10.0,
        10.0
    ],
    "robot_invisiable_level": [
        0.0,
        0.0,
        0.0,
        0.0,
        0.0,
        0.0,
        0.0,
        0.0,
        0.0,
        0.0,
        0.0,
        0.0,
        0.0,
        0.0,
        0.0,
        0.0,
        0.0,
        0.0,
        0.0,
        0.0,
        0.0,
        0.0,
        0.0,
        0.0,
        0.0,
        0.0,
        0.0,
        0.0,
        0.0,
        0.0,
        0.0,
        0.0,
        0.0,
        0.0,
        0.0,
        0.0,
        0.0,
        0.0,
        0.0,
        0.0,
        0.0,
        0.0,
        0.0,
        0.0,
        0.0,
        0.0,
        0.0,
        0.0,
        0.0,
        0.0,
        0.0,
        0.0,
        0.0,
        0.0,
        0.0,
        0.0,
        0.0,
        0.0,
        0.0,
        0.0,
        0.0
    ],
    "right_side_level": [
        0.0,
        0.0,
        0.0,
        0.0,
        0.0,
        0.0,
        0.0,
        0.0,
        0.0,
        0.0,
        0.0,
        0.0,
        0.0,
        0.0,
        0.0,
        0.0,
        0.0,
        0.0,
        0.0,
        0.0,
        0.0,
        0.0,
        0.0,
        0.0,
        0.0,
        0.0,
        0.0,
        0.0,
        0.0,
        0.0,
        0.0,
        0.0,
        0.0,
        0.0,
        0.0,
        0.0,
        0.0,
        0.0,
        0.0,
        0.0,
        0.0,
        0.0,
        0.0,
        0.0,
        0.0,
        0.0,
        0.0,
        0.0,
        0.0,
        0.0,
        0.0,
        0.0,
        0.0,
        0.0,
        0.0,
        0.0,
        0.0,
        0.0,
        0.0,
        0.0,
        0.0
    ],
    "pspace_level": [
        0.0,
        0.0,
        0.0,
        0.0,
        0.0,
        0.0,
        0.0,
        0.0,
        0.0,
        0.0,
        0.0,
        0.0,
        0.0,
        0.0,
        0.0,
        0.0,
        0.0,
        0.0,
        0.0,
        0.0,
        0.0,
        0.0,
        0.0,
        0.0,
        0.0,
        0.0,
        0.0,
        0.0,
        0.0,
        0.0,
        0.0,
        0.0,
        0.0,
        0.0,
        0.0,
        0.0,
        0.0,
        0.0,
        0.0,
        0.0,
        0.0,
        0.0,
        0.0,
        0.0,
        0.0,
        0.0,
        0.0,
        0.0,
        0.0,
        0.0,
        0.0,
        0.0,
        0.0,
        0.0,
        0.0,
        0.0,
        0.0,
        0.0,
        0.0,
        0.0,
        0.0
    ],