{
    "time": [
        0.15116453170776367,
        0.33634114265441895,
        0.4983944892883301,
        0.6705009937286377,
        0.8578472137451172,
        1.017181634902954,
        1.1886439323425293,
        1.3571133613586426,
        1.5258493423461914,
        1.697094202041626,
        1.8725848197937012,
        2.042188882827759,
        2.207923650741577,
        2.3743975162506104,
        2.5492310523986816,
        2.7193849086761475,
        2.8915719985961914,
        3.085892915725708,
        3.258150815963745,
        3.4376349449157715,
        3.6075148582458496,
        3.7830231189727783,
        3.9436492919921875,
        4.107813358306885,
        4.285616159439087,
        4.445488691329956,
        4.619554281234741,
        4.793326377868652,
        4.9614880084991455,
        5.1321797370910645,
        5.303396463394165,
        5.470108985900879,
        5.632587671279907,
        5.80904746055603,
        5.993030309677124,
        6.180725574493408,
        6.3721678256988525,
        6.541778087615967,
        6.721781253814697,
        6.908386707305908,
        7.08781886100769,
        7.272648096084595,
        7.456110715866089,
        7.642865419387817,
        7.820112943649292,
        8.016286849975586,
        8.197455167770386,
        8.392627716064453
    ],
    "navigability": [
        0.5396416187286377,
        0.5408002138137817,
        0.5418362617492676,
        0.5427639484405518,
        0.5435935854911804,
        0.5443381071090698,
        0.5450036525726318,
        0.5456017851829529,
        0.6053572297096252,
        0.671398937702179,
        0.6773602366447449,
        0.6839466691017151,
        0.6912257075309753,
        0.6992732882499695,
        0.7081671357154846,
        0.7179949283599854,
        0.7288612723350525,
        0.7288304567337036,
        0.7287811636924744,
        0.7287267446517944,
        0.7286702990531921,
        0.728607714176178,
        0.7285484075546265,
        0.7284829020500183,
        0.7284093499183655,
        0.7283283472061157,
        0.7282419204711914,
        0.7281465530395508,
        0.7280352711677551,
        0.727914035320282,
        0.7277799844741821,
        0.7276066541671753,
        0.7273979187011719,
        0.7271671891212463,
        0.7269222736358643,
        0.7266514301300049,
        0.7263333201408386,
        0.7259816527366638,
        0.7255728244781494,
        0.7251580953598022,
        0.7246996760368347,
        0.7242674231529236,
        0.7237931489944458,
        0.7235621809959412,
        0.7232572436332703,
        0.7229202389717102,
        0.7226200699806213,
        0.7222880125045776
    ],
    "speed_up_level": [
        null,
        null,
        null,
        null,
        null,
        null,
        null,
        null,
        null,
        null,
        null,
        null,
        null,
        null,
        null,
        null,
        null,
        null,
        null,
        null,
        null,
        null,
        null,
        null,
        null,
        null,
        null,
        null,
        null,
        null,
        null,
        null,
        null,
        null,
        null,
        null,
        null,
        null,
        null,
        null,
        null,
        null,
        null,
        null,
        null,
        null,
        null,
        null
    ],
    "robot_invisiable_level": [
        null,
        null,
        null,
        null,
        null,
        null,
        null,
        null,
        null,
        null,
        null,
        null,
        null,
        null,
        null,
        null,
        null,
        null,
        null,
        null,
        null,
        null,
        null,
        null,
        null,
        null,
        null,
        null,
        null,
        null,
        null,
        null,
        null,
        null,
        null,
        null,
        null,
        null,
        null,
        null,
        null,
        null,
        null,
        null,
        null,
        null,
        null,
        null
    ],
    "right_side_level": [
        null,
        null,
        null,
        null,
        null,
        null,
        null,
        null,
        null,
        null,
        null,
        null,
        null,
        null,
        null,
        null,
        null,
        null,
        null,
        null,
        null,
        null,
        null,
        null,
        null,
        null,
        null,
        null,
        null,
        null,
        null,
        null,
        null,
        null,
        null,
        null,
        null,
        null,
        null,
        null,
        null,
        null,
        null,
        null,
        null,
        null,
        null,
        null
    ],
    "pspace_level": [
        null,
        null,
        null,
        null,
        null,
        null,
        null,
        null,
        null,
        null,
        null,
        null,
        null,
        null,
        null,
        null,
        null,
        null,
        null,
        null,
        null,
        null,
        null,
        null,
        null,
        null,
        null,
        null,
        null,
        null,
        null,
        null,
        null,
        null,
        null,
        null,
        null,
        null,
        null,
        null,
        null,
        null,
        null,
        null,
        null,
        null,
        null,
        null
    ],
    "weight_optimaltime": [
        null,
        null,
        null,
        null,
        null,
        null,
        null,
        null,
        null,
        null,
        null,
        null,
        null,
        null,
        null,
        null,
        null,
        null,
        null,
        null,
        null,
        null,
        null,
        null,
        null,
        null,
        null,
        null,
        null,
        null,
        null,
        null,
        null,
        null,
        null,
        null,
        null,
        null,
        null,
        null,
        null,
        null,
        null,
        null,
        null,
        null,
        null,
        null
    ],
    "weight_cc": [
        null,
        null,
        null,
        null,
        null,
        null,
        null,
        null,
        null,
        null,
        null,
        null,
        null,
        null,
        null,
        null,
        null,
        null,
        null,
        null,
        null,
        null,
        null,
        null,
        null,
        null,
        null,
        null,
        null,
        null,
        null,
        null,
        null,
        null,
        null,
        null,
        null,
        null,
        null,
        null,
        null,
        null,
        null,
        null,
        null,
        null,
        null,
        null
    ],
    "pspace_cov": [
        null,
        null,
        null,
        null,
        null,
        null,
        null,
        null,
        null,
        null,
        null,
        null,
        null,
        null,
        null,
        null,
        null,
        null,
        null,
        null,
        null,
        null,
        null,
        null,
        null,
        null,
        null,
        null,
        null,
        null,
        null,
        null,
        null,
        null,
        null,
        null,
        null,
        null,
        null,
        null,
        null,
        null,
        null,
        null,
        null,
        null,
        null,
        null
    ],