{
    "time": [
        0.0032320022583007812,
        0.13058137893676758,
        0.25896191596984863,
        0.38759684562683105,
        0.5179643630981445,
        0.6433348655700684,
        0.7701287269592285,
        0.8930454254150391,
        1.0163476467132568,
        1.1454918384552002,
        1.2801711559295654,
        1.4014241695404053,
        1.529109001159668,
        1.6610686779022217,
        1.7895700931549072,
        1.9077112674713135,
        2.0410709381103516,
        2.1742770671844482,
        2.2982187271118164,
        2.4251887798309326,
        2.551846981048584,
        2.693180561065674,
        2.814368724822998,
        2.93717098236084,
        3.0645909309387207,
        3.1903529167175293,
        3.330779552459717,
        3.45420503616333,
        3.5780129432678223,
        3.7030081748962402,
        3.8288650512695312,
        3.954970598220825,
        4.083454370498657,
        4.2129364013671875,
        4.339349269866943,
        4.466717481613159,
        4.5947184562683105,
        4.7205140590667725,
        4.849619388580322,
        4.968897581100464,
        5.095264673233032,
        5.219917297363281,
        5.347738742828369,
        5.4799416065216064,
        5.617333889007568,
        5.740565776824951,
        5.865893840789795,
        5.989150762557983,
        6.115236282348633,
        6.242566347122192,
        6.368896484375,
        6.496600389480591,
        6.623561143875122,
        6.760972023010254,
        6.87525486946106,
        6.993839263916016,
        7.144606113433838,
        7.291700839996338,
        7.453108072280884,
        7.62694787979126,
        7.822272539138794,
        8.015498638153076,
        8.185672283172607,
        8.359212875366211,
        8.506787061691284,
        8.638567209243774,
        8.76787781715393,
        8.894103765487671,
        9.010303258895874,
        9.145489931106567
    ],
    "navigability": [
        0.4284934997558594,
        0.4236450493335724,
        0.4200713038444519,
        0.41612178087234497,
        0.41284382343292236,
        0.4092210531234741,
        0.4061972498893738,
        0.4036300778388977,
        0.4007863402366638,
        0.3982633352279663,
        0.395451158285141,
        0.3915213346481323,
        0.38717809319496155,
        0.3837869465351105,
        0.380039244890213,
        0.37673816084861755,
        0.37308982014656067,
        0.3702816963195801,
        0.36789754033088684,
        0.36524102091789246,
        0.36418086290359497,
        0.36341091990470886,
        0.36256006360054016,
        0.35898807644844055,
        0.35504043102264404,
        0.3512851595878601,
        0.34713494777679443,
        0.3434840440750122,
        0.33944907784461975,
        0.3358934223651886,
        0.33196380734443665,
        0.3287069797515869,
        0.32510024309158325,
        0.32204923033714294,
        0.3186635971069336,
        0.31580623984336853,
        0.31264832615852356,
        0.30996617674827576,
        0.3070019781589508,
        0.3041808009147644,
        0.30106285214424133,
        0.2985103130340576,
        0.29568925499916077,
        0.2927995026111603,
        0.2896057069301605,
        0.2868451476097107,
        0.28408199548721313,
        0.28102609515190125,
        0.2784455120563507,
        0.2756008803844452,
        0.2731984853744507,
        0.2705228924751282,
        0.268080472946167,
        0.26537203788757324,
        0.26309242844581604,
        0.26056620478630066,
        0.25821149349212646,
        0.2556057572364807,
        0.2535724639892578,
        0.25132617354393005,
        0.24961276352405548,
        0.2477138191461563,
        0.24632331728935242,
        0.24478690326213837,
        0.24321617186069489,
        0.24148797988891602,
        0.24025854468345642,
        0.23913489282131195,
        0.23789308965206146,
        0.23698903620243073
    ],
    "speed_up_level": [
        10.0,
        10.0,
        10.0,
        10.0,
        10.0,
        10.0,
        10.0,
        10.0,
        10.0,
        10.0,
        10.0,
        10.0,
        10.0,
        10.0,
        10.0,
        10.0,
        10.0,
        10.0,
        10.0,
        10.0,
        10.0,
        10.0,
        10.0,
        10.0,
        10.0,
        10.0,
        10.0,
        10.0,
        10.0,
        10.0,
        10.0,
        10.0,
        10.0,
        10.0,
        10.0,
        10.0,
        10.0,
        10.0,
        10.0,
        10.0,
        10.0,
        10.0,
        10.0,
        10.0,
        10.0,
        10.0,
        10.0,
        10.0,
        10.0,
        10.0,
        10.0,
        10.0,
        10.0,
        10.0,
        10.0,
        10.0,
        10.0,
        10.0,
        10.0,
        10.0,
        10.0,
        10.0,
        10.0,
        10.0,
        10.0,
        10.0,
        10.0,
        10.0,
        10.0,
        10.0
    ],
    "robot_invisiable_level": [
        0.0,
        0.0,
        0.0,
        0.0,
        0.0,
        0.0,
        0.0,
        0.0,
        0.0,
        0.0,
        0.0,
        0.0,
        0.0,
        0.0,
        0.0,
        0.0,
        0.0,
        0.0,
        0.0,
        0.0,
        0.0,
        0.0,
        0.0,
        0.0,
        0.0,
        0.0,
        0.0,
        0.0,
        0.0,
        0.0,
        0.0,
        0.0,
        0.0,
        0.0,
        0.0,
        0.0,
        0.0,
        0.0,
        0.0,
        0.0,
        0.0,
        0.0,
        0.0,
        0.0,
        0.0,
        0.0,
        0.0,
        0.0,
        0.0,
        0.0,
        0.0,
        0.0,
        0.0,
        0.0,
        0.0,
        0.0,
        0.0,
        0.0,
        0.0,
        0.0,
        0.0,
        0.0,
        0.0,
        0.0,
        0.0,
        0.0,
        0.0,
        0.0,
        0.0,
        0.0
    ],
    "right_side_level": [
        0.0,
        0.0,
        0.0,
        0.0,
        0.0,
        0.0,
        0.0,
        0.0,
        0.0,
        0.0,
        0.0,
        0.0,
        0.0,
        0.0,
        0.0,
        0.0,
        0.0,
        0.0,
        0.0,
        0.0,
        0.0,
        0.0,
        0.0,
        0.0,
        0.0,
        0.0,
        0.0,
        0.0,
        0.0,
        0.0,
        0.0,
        0.0,
        0.0,
        0.0,
        0.0,
        0.0,
        0.0,
        0.0,
        0.0,
        0.0,
        0.0,
        0.0,
        0.0,
        0.0,
        0.0,
        0.0,
        0.0,
        0.0,
        0.0,
        0.0,
        0.0,
        0.0,
        0.0,
        0.0,
        0.0,
        0.0,
        0.0,
        0.0,
        0.0,
        0.0,
        0.0,
        0.0,
        0.0,
        0.0,
        0.0,
        0.0,
        0.0,
        0.0,
        0.0,
        0.0
    ],
    "pspace_level": [
        0.0,
        0.0,
        0.0,
        0.0,
        0.0,
        0.0,
        0.0,
        0.0,
        0.0,
        0.0,
        0.0,
        0.0,
        0.0,
        0.0,
        0.0,
        0.0,
        0.0,
        0.0,
        0.0,
        0.0,
        0.0,
        0.0,
        0.0,
        0.0,
        0.0,
        0.0,
        0.0,
        0.0,
        0.0,
        0.0,
        0.0,
        0.0,
        0.0,
        0.0,
        0.0,
        0.0,
        0.0,
        0.0,
        0.0,
        0.0,
        0.0,
        0.0,
        0.0,
        0.0,
        0.0,
        0.0,
        0.0,
        0.0,
        0.0,
        0.0,
        0.0,
        0.0,
        0.0,
        0.0,
        0.0,
        0.0,
        0.0,
        0.0,
        0.0,
        0.0,
        0.0,
        0.0,
        0.0,
        0.0,
        0.0,
        0.0,
        0.0,
        0.0,
        0.0,
        0.0
    ],