{
    "time": [
        0.03327488899230957,
        0.20972251892089844,
        0.38545942306518555,
        0.5672025680541992,
        0.7361187934875488,
        0.9057254791259766
    ],
    "navigability": [
        0.7007269263267517,
        0.7003729939460754,
        0.7004042863845825,
        0.7004302740097046,
        0.7002043128013611,
        0.6999531388282776
    ],
    "speed_up_level": [
        5.0,
        5.0,
        5.0,
        5.0,
        5.0,
        5.0
    ],
    "robot_invisiable_level": [
        10.0,
        10.0,
        10.0,
        10.0,
        10.0,
        10.0
    ],
    "right_side_level": [
        5.0,
        5.0,
        5.0,
        5.0,
        5.0,
        5.0
    ],
    "pspace_level": [
        10.0,
        10.0,
        10.0,
        10.0,
        10.0,
        10.0
    ],
    "weight_optimaltime": [
        19.066463470458984,
        19.02225112915039,
        19.02225112915039,
        19.017702102661133,
        19.017702102661133,
        19.014881134033203
    ],
    "weight_cc": [
        16.125730514526367,
        16.100419998168945,
        16.100419998168945,
        16.097843170166016,
        16.097843170166016,
        16.096250534057617
    ],
    "pspace_cov": [
        0.9024009108543396,
        0.9010199308395386,
        0.9010199308395386,
        0.90087890625,
        0.90087890625,
        0.900791585445404
    ],
    "pspace_r_ratio": [
        0.7752107381820679,
        0.7756962776184082,
        0.7756962776184082,
        0.7757468223571777,
        0.7757468223571777,
        0.7757781744003296
    ],
    "use_external_prediction": [
        0.0,
        0.0,
        0.0,
        0.0,
        0.0,
        0.0
    ],
    "cmd_vel_linear": [
        -0.21779282163259656,
        -0.14278323292364928,
        -0.0267449040499088,
        -0.019021775399452188,
        0.004562455192175082,
        0.0
    ],
    "cmd_vel_angular": [
        0.2738418920482925,
        0.2598526171446713,
        0.2604194196966823,
        0.37913209670680625,
        0.3454659412490747,
        0.0
    ]
}