{
    "time": [
        0.11408662796020508,
        0.26070642471313477,
        0.42759037017822266,
        0.5728609561920166,
        0.7282946109771729,
        0.8830757141113281,
        1.0414762496948242,
        1.2050542831420898,
        1.3589539527893066,
        1.51175856590271,
        1.6702959537506104,
        1.8270037174224854,
        1.9915640354156494,
        2.1487090587615967,
        2.2999658584594727,
        2.454885959625244,
        2.6113688945770264,
        2.7659499645233154,
        2.92018461227417,
        3.0769121646881104,
        3.235677480697632,
        3.3813326358795166,
        3.538032054901123,
        3.6935176849365234,
        3.847022771835327,
        3.9992518424987793,
        4.154183864593506,
        4.308295011520386,
        4.452406167984009,
        4.604865312576294,
        4.764226675033569,
        4.915791034698486,
        5.067865610122681
    ],
    "navigability": [
        0.811415433883667,
        0.8104665279388428,
        0.8094179630279541,
        0.8082320690155029,
        0.806921660900116,
        0.8053680658340454,
        0.8036510944366455,
        0.8017069101333618,
        0.7995637655258179,
        0.7971640229225159,
        0.7945041656494141,
        0.7915646433830261,
        0.7882879376411438,
        0.7847660183906555,
        0.7808724641799927,
        0.7771560549736023,
        0.7730076909065247,
        0.7693526148796082,
        0.7657172679901123,
        0.7616997361183167,
        0.7577992677688599,
        0.7535187602043152,
        0.7487879991531372,
        0.7439659237861633,
        0.7386367321014404,
        0.7335505485534668,
        0.7279295325279236,
        0.7223754525184631,
        0.7162370681762695,
        0.7106798887252808,
        0.7050250768661499,
        0.6988109946250916,
        0.6934224963188171
    ],
    "speed_up_level": [
        5.0,
        5.0,
        5.0,
        5.0,
        5.0,
        5.0,
        5.0,
        5.0,
        5.0,
        5.0,
        5.0,
        5.0,
        5.0,
        5.0,
        5.0,
        5.0,
        5.0,
        5.0,
        5.0,
        5.0,
        5.0,
        5.0,
        5.0,
        5.0,
        5.0,
        5.0,
        5.0,
        5.0,
        5.0,
        5.0,
        5.0,
        5.0,
        5.0
    ],
    "robot_invisiable_level": [
        10.0,
        10.0,
        10.0,
        10.0,
        10.0,
        10.0,
        10.0,
        10.0,
        10.0,
        10.0,
        10.0,
        10.0,
        10.0,
        10.0,
        10.0,
        10.0,
        10.0,
        10.0,
        10.0,
        10.0,
        10.0,
        10.0,
        10.0,
        10.0,
        10.0,
        10.0,
        10.0,
        10.0,
        10.0,
        10.0,
        10.0,
        10.0,
        10.0
    ],
    "right_side_level": [
        5.0,
        5.0,
        5.0,
        5.0,
        5.0,
        5.0,
        5.0,
        5.0,
        5.0,
        5.0,
        5.0,
        5.0,
        5.0,
        5.0,
        5.0,
        5.0,
        5.0,
        5.0,
        5.0,
        5.0,
        5.0,
        5.0,
        5.0,
        5.0,
        5.0,
        5.0,
        5.0,
        5.0,
        5.0,
        5.0,
        5.0,
        5.0,
        5.0
    ],
    "pspace_level": [
        10.0,
        10.0,
        10.0,
        10.0,
        10.0,
        10.0,
        10.0,
        10.0,
        10.0,
        10.0,
        10.0,
        10.0,
        10.0,
        10.0,
        10.0,
        10.0,
        10.0,
        10.0,
        10.0,
        10.0,
        10.0,
        10.0,
        10.0,
        10.0,
        10.0,
        10.0,
        10.0,
        10.0,
        10.0,
        10.0,
        10.0,
        10.0,
        10.0
    ],
    "weight_optimaltime": [
        18.209991455078125,
        20.40782356262207,
        20.40782356262207,
        20.390039443969727,
        20.390039443969727,
        20.36919593811035,
        20.36919593811035,
        20.344350814819336,
        20.344350814819336,
        20.316362380981445,
        20.316362380981445,
        20.26059913635254,
        20.26059913635254,
        20.195600509643555,
        20.195600509643555,
        20.122739791870117,
        20.122739791870117,
        20.04558753967285,
        20.04558753967285,
        19.967130661010742,
        19.967130661010742,
        19.88876724243164,
        19.88876724243164,
        19.811378479003906,
        19.811378479003906,
        19.733943939208984,
        19.733943939208984,
        19.651081085205078,
        19.651081085205078,
        19.556480407714844,
        19.556480407714844,
        19.44528579711914,
        19.44528579711914
    ],
    "weight_cc": [
        16.132841110229492,
        17.66800880432129,
        17.66800880432129,
        17.674888610839844,
        17.674888610839844,
        17.682775497436523,
        17.682775497436523,
        17.691896438598633,
        17.691896438598633,
        17.701860427856445,
        17.701860427856445,
        17.721477508544922,
        17.721477508544922,
        17.742643356323242,
        17.742643356323242,
        17.76375961303711,
        17.76375961303711,
        17.782726287841797,
        17.782726287841797,
        17.798032760620117,
        17.798032760620117,
        17.80870819091797,
        17.80870819091797,
        17.804996490478516,
        17.804996490478516,
        17.778757095336914,
        17.778757095336914,
        17.725574493408203,
        17.725574493408203,
        17.639631271362305,
        17.639631271362305,
        17.51364517211914,
        17.51364517211914
    ],
    "pspace_cov": [
        0.9291936755180359,
        1.0165560245513916,
        1.0165560245513916,
        1.0165784358978271,
        1.0165784358978271,
        1.0165960788726807,
        1.0165960788726807,
        1.0166078805923462,
        1.0166078805923462,
        1.0165936946868896,
        1.0165936946868896,
        1.0165408849716187,
        1.0165408849716187,
        1.0163664817810059,
        1.0163664817810059,
        1.016002893447876,
        1.016002893447876,
        1.0153796672821045,
        1.0153796672821045,
        1.0144305229187012,
        1.0144305229187012,
        1.0130568742752075,
        1.0130568742752075,
        1.0110963582992554,
        1.0110963582992554,
        1.008410930633545,
        1.008410930633545,
        1.0048359632492065,
        1.0048359632492065,
        1.0001945495605469,
        1.0001945495605469,
        0.9943166971206665,
        0.9943166971206665
    ],
    "pspace_r_ratio": [
        0.7437483668327332,
        0.830193042755127,
        0.830193042755127,
        0.7724719643592834,
        0.7724719643592834,
        0.7526718974113464,
        0.7526718974113464,
        0.7422235012054443,
        0.7422235012054443,
        0.7354199886322021,
        0.7354199886322021,
        0.7103620171546936,
        0.7103620171546936,
        0.7075939178466797,
        0.7075939178466797,
        0.704248309135437,
        0.704248309135437,
        0.7003834247589111,
        0.7003834247589111,
        0.6960766315460205,
        0.6960766315460205,
        0.6913247108459473,
        0.6913247108459473,
        0.6865870356559753,
        0.6865870356559753,
        0.6822165250778198,
        0.6822165250778198,
        0.6781267523765564,
        0.6781267523765564,
        0.674185037612915,
        0.674185037612915,
        0.6703517436981201,
        0.6703517436981201
    ],