{
    "time": [
        0.12104654312133789,
        0.2681560516357422,
        0.41393065452575684,
        0.5671391487121582,
        0.7236170768737793,
        0.8829944133758545,
        1.0466938018798828,
        1.2044272422790527,
        1.3590619564056396,
        1.5218746662139893,
        1.685171127319336,
        1.8383762836456299,
        1.9943275451660156,
        2.1493656635284424,
        2.301055669784546,
        2.4505555629730225,
        2.60231614112854,
        2.7612521648406982,
        2.9228014945983887,
        3.073895215988159,
        3.229318618774414,
        3.3703808784484863,
        3.5283350944519043,
        3.6800377368927,
        3.8336713314056396,
        3.9892194271087646,
        4.144431114196777,
        4.289993762969971,
        4.435924530029297,
        4.592973470687866,
        4.754610538482666,
        4.910167455673218,
        5.079783201217651,
        5.2400970458984375,
        5.391088008880615,
        5.5581817626953125,
        5.720378637313843,
        5.877894639968872,
        6.032133102416992,
        6.1934685707092285,
        6.3330137729644775,
        6.483468294143677,
        6.639801025390625,
        6.800155878067017,
        6.954625606536865,
        7.109930753707886,
        7.2609171867370605,
        7.401937246322632,
        7.561952829360962,
        7.717535495758057,
        7.872584581375122,
        8.02845811843872,
        8.182825803756714,
        8.331705093383789,
        8.48431658744812,
        8.636300802230835,
        8.791042566299438,
        8.939472913742065,
        9.091271877288818,
        9.24461555480957,
        9.389487028121948,
        9.539812326431274,
        9.695577144622803,
        9.853484869003296,
        10.008354425430298,
        10.163986921310425
    ],
    "navigability": [
        0.8045018911361694,
        0.8045269250869751,
        0.8045547008514404,
        0.8050559163093567,
        0.8056097030639648,
        0.806205153465271,
        0.8066586256027222,
        0.8071653842926025,
        0.8077255487442017,
        0.8085159659385681,
        0.8093897104263306,
        0.8103565573692322,
        0.8114252686500549,
        0.8126546740531921,
        0.8138474822044373,
        0.8151670694351196,
        0.8164539933204651,
        0.8178763389587402,
        0.8188565373420715,
        0.8199399709701538,
        0.8207998871803284,
        0.8214901089668274,
        0.8223594427108765,
        0.8233203291893005,
        0.8241609930992126,
        0.8250899910926819,
        0.8265260457992554,
        0.828111469745636,
        0.8292495012283325,
        0.8304667472839355,
        0.8318119645118713,
        0.8328455090522766,
        0.833993673324585,
        0.8340396881103516,
        0.834072470664978,
        0.8341087102890015,
        0.8341386914253235,
        0.8341471552848816,
        0.8341429829597473,
        0.8341383337974548,
        0.8341436386108398,
        0.8341439366340637,
        0.834128201007843,
        0.8341108560562134,
        0.8340660929679871,
        0.8340168595314026,
        0.8338766098022461,
        0.8337215781211853,
        0.8335577845573425,
        0.833376407623291,
        0.8331028819084167,
        0.8327784538269043,
        0.8324079513549805,
        0.8319817781448364,
        0.8311955332756042,
        0.830333411693573,
        0.8293805122375488,
        0.8280824422836304,
        0.8266481757164001,
        0.8250589966773987,
        0.8232885003089905,
        0.8213320374488831,
        0.8192272782325745,
        0.8169010281562805,
        0.8143705129623413,
        0.8115739226341248
    ],
    "speed_up_level": [
        5.0,
        5.0,
        5.0,
        5.0,
        5.0,
        5.0,
        5.0,
        5.0,
        5.0,
        5.0,
        5.0,
        5.0,
        5.0,
        5.0,
        5.0,
        5.0,
        5.0,
        5.0,
        5.0,
        5.0,
        5.0,
        5.0,
        5.0,
        5.0,
        5.0,
        5.0,
        5.0,
        5.0,
        5.0,
        5.0,
        5.0,
        5.0,
        5.0,
        5.0,
        5.0,
        5.0,
        5.0,
        5.0,
        5.0,
        5.0,
        5.0,
        5.0,
        5.0,
        5.0,
        5.0,
        5.0,
        5.0,
        5.0,
        5.0,
        5.0,
        5.0,
        5.0,
        5.0,
        5.0,
        5.0,
        5.0,
        5.0,
        5.0,
        5.0,
        5.0,
        5.0,
        5.0,
        5.0,
        5.0,
        5.0,
        5.0
    ],
    "robot_invisiable_level": [
        0.0,
        0.0,
        0.0,
        0.0,
        0.0,
        0.0,
        0.0,
        0.0,
        0.0,
        0.0,
        0.0,
        0.0,
        0.0,
        0.0,
        0.0,
        0.0,
        0.0,
        0.0,
        0.0,
        0.0,
        0.0,
        0.0,
        0.0,
        0.0,
        0.0,
        0.0,
        0.0,
        0.0,
        0.0,
        0.0,
        0.0,
        0.0,
        0.0,
        0.0,
        0.0,
        0.0,
        0.0,
        0.0,
        0.0,
        0.0,
        0.0,
        0.0,
        0.0,
        0.0,
        0.0,
        0.0,
        0.0,
        0.0,
        0.0,
        0.0,
        0.0,
        0.0,
        0.0,
        0.0,
        0.0,
        0.0,
        0.0,
        0.0,
        0.0,
        0.0,
        0.0,
        0.0,
        0.0,
        0.0,
        0.0,
        0.0
    ],
    "right_side_level": [
        5.0,
        5.0,
        5.0,
        5.0,
        5.0,
        5.0,
        5.0,
        5.0,
        5.0,
        5.0,
        5.0,
        5.0,
        5.0,
        5.0,
        5.0,
        5.0,
        5.0,
        5.0,
        5.0,
        5.0,
        5.0,
        5.0,
        5.0,
        5.0,
        5.0,
        5.0,
        5.0,
        5.0,
        5.0,
        5.0,
        5.0,
        5.0,
        5.0,
        5.0,
        5.0,
        5.0,
        5.0,
        5.0,
        5.0,
        5.0,
        5.0,
        5.0,
        5.0,
        5.0,
        5.0,
        5.0,
        5.0,
        5.0,
        5.0,
        5.0,
        5.0,
        5.0,
        5.0,
        5.0,
        5.0,
        5.0,
        5.0,
        5.0,
        5.0,
        5.0,
        5.0,
        5.0,
        5.0,
        5.0,
        5.0,
        5.0
    ],
    "pspace_level": [
        10.0,
        10.0,
        10.0,
        10.0,
        10.0,
        10.0,
        10.0,
        10.0,
        10.0,
        10.0,
        10.0,
        10.0,
        10.0,
        10.0,
        10.0,
        10.0,
        10.0,
        10.0,
        10.0,
        10.0,
        10.0,
        10.0,
        10.0,
        10.0,
        10.0,
        10.0,
        10.0,
        10.0,
        10.0,
        10.0,
        10.0,
        10.0,
        10.0,
        10.0,
        10.0,
        10.0,
        10.0,
        10.0,
        10.0,
        10.0,
        10.0,
        10.0,
        10.0,
        10.0,
        10.0,
        10.0,
        10.0,
        10.0,
        10.0,
        10.0,
        10.0,
        10.0,
        10.0,
        10.0,
        10.0,
        10.0,
        10.0,
        10.0,
        10.0,
        10.0,
        10.0,
        10.0,
        10.0,
        10.0,
        10.0,
        10.0
    ],