{
    "time": [
        0.13516831398010254,
        0.29157280921936035,
        0.4611625671386719,
        0.6311373710632324,
        0.8177986145019531,
        0.9883403778076172,
        1.1531379222869873,
        1.3198909759521484,
        1.4851231575012207
    ],
    "navigability": [
        0.5040136575698853,
        0.52117520570755,
        0.5403687953948975,
        0.5615281462669373,
        0.5869045257568359,
        0.5791473984718323,
        0.5705744028091431,
        0.5652081966400146,
        0.5595930814743042
    ],
    "speed_up_level": [
        5.0,
        5.0,
        5.0,
        5.0,
        5.0,
        5.0,
        5.0,
        5.0,
        5.0
    ],
    "robot_invisiable_level": [
        10.0,
        10.0,
        10.0,
        10.0,
        10.0,
        10.0,
        10.0,
        10.0,
        10.0
    ],
    "right_side_level": [
        5.0,
        5.0,
        5.0,
        5.0,
        5.0,
        5.0,
        5.0,
        5.0,
        5.0
    ],
    "pspace_level": [
        10.0,
        10.0,
        10.0,
        10.0,
        10.0,
        10.0,
        10.0,
        10.0,
        10.0
    ],
    "weight_optimaltime": [
        15.424710273742676,
        15.424710273742676,
        15.458453178405762,
        15.458453178405762,
        15.59428882598877,
        15.59428882598877,
        15.794478416442871,
        15.794478416442871,
        15.94293212890625
    ],
    "weight_cc": [
        14.59975528717041,
        14.59975528717041,
        14.619489669799805,
        14.619489669799805,
        14.671395301818848,
        14.671395301818848,
        14.748604774475098,
        14.748604774475098,
        14.80451488494873
    ],
    "pspace_cov": [
        0.797394871711731,
        0.797394871711731,
        0.7991637587547302,
        0.7991637587547302,
        0.8052315711975098,
        0.8052315711975098,
        0.8142760992050171,
        0.8142760992050171,
        0.8208842277526855
    ],
    "pspace_r_ratio": [
        0.8003407120704651,
        0.8003407120704651,
        0.8003408908843994,
        0.8003408908843994,
        0.800344705581665,
        0.800344705581665,
        0.8003526926040649,
        0.8003526926040649,
        0.8003571629524231
    ],
    "use_external_prediction": [
        0.0,
        0.0,
        0.0,
        0.0,
        0.0,
        0.0,
        0.0,
        0.0,
        0.0
    ]
}