{
    "time": [
        0.017391443252563477,
        0.14708518981933594,
        0.268996000289917,
        0.39208531379699707,
        0.5225741863250732,
        0.6473782062530518,
        0.7815701961517334,
        0.9169652462005615,
        1.0422320365905762,
        1.1712379455566406,
        1.2957239151000977,
        1.4193859100341797,
        1.5435383319854736,
        1.6724040508270264,
        1.8044097423553467,
        1.9299352169036865,
        2.060323476791382,
        2.187610626220703,
        2.3120336532592773
    ],
    "navigability": [
        0.016181573271751404,
        0.017901863902807236,
        0.019803078845143318,
        0.02190524898469448,
        0.02422850951552391,
        0.026788588613271713,
        0.0296179186552763,
        0.03274346515536308,
        0.03619706630706787,
        0.040013886988162994,
        0.04423949122428894,
        0.0489095076918602,
        0.054135482758283615,
        0.059911079704761505,
        0.06629343330860138,
        0.07334701716899872,
        0.08113978803157806,
        0.08975211530923843,
        0.09927019476890564
    ],
    "speed_up_level": [
        10.0,
        10.0,
        10.0,
        10.0,
        10.0,
        10.0,
        10.0,
        10.0,
        10.0,
        10.0,
        10.0,
        10.0,
        10.0,
        10.0,
        10.0,
        10.0,
        10.0,
        10.0,
        10.0
    ],
    "robot_invisiable_level": [
        0.0,
        0.0,
        0.0,
        0.0,
        0.0,
        0.0,
        0.0,
        0.0,
        0.0,
        0.0,
        0.0,
        0.0,
        0.0,
        0.0,
        0.0,
        0.0,
        0.0,
        0.0,
        0.0
    ],
    "right_side_level": [
        0.0,
        0.0,
        0.0,
        0.0,
        0.0,
        0.0,
        0.0,
        0.0,
        0.0,
        0.0,
        0.0,
        0.0,
        0.0,
        0.0,
        0.0,
        0.0,
        0.0,
        0.0,
        0.0
    ],
    "pspace_level": [
        0.0,
        0.0,
        0.0,
        0.0,
        0.0,
        0.0,
        0.0,
        0.0,
        0.0,
        0.0,
        0.0,
        0.0,
        0.0,
        0.0,
        0.0,
        0.0,
        0.0,
        0.0,
        0.0
    ],
    "weight_optimaltime": [
        19.573904037475586,
        19.573904037475586,
        19.573749542236328,
        19.573749542236328,
        19.57343864440918,
        19.57343864440918,
        19.572895050048828,
        19.572895050048828,
        19.57187843322754,
        19.57187843322754,
        19.570045471191406,
        19.570045471191406,
        19.5668888092041,
        19.5668888092041,
        19.561208724975586,
        19.561208724975586,
        19.550928115844727,
        19.550928115844727,
        19.532211303710938
    ],
    "weight_cc": [
        2.955676794052124,
        2.955676794052124,
        2.956571102142334,
        2.956571102142334,
        2.958338737487793,
        2.958338737487793,
        2.9614100456237793,
        2.9614100456237793,
        2.967036724090576,
        2.967036724090576,
        2.976959466934204,
        2.976959466934204,
        2.9934701919555664,
        2.9934701919555664,
        3.0220093727111816,
        3.0220093727111816,
        3.0710642337799072,
        3.0710642337799072,
        3.154395341873169
    ],
    "pspace_cov": [
        0.49384236335754395,
        0.49384236335754395,
        0.49387305974960327,
        0.49387305974960327,
        0.4939333200454712,
        0.4939333200454712,
        0.49403709173202515,
        0.49403709173202515,
        0.49422505497932434,
        0.49422505497932434,
        0.4945518970489502,
        0.4945518970489502,
        0.4950842559337616,
        0.4950842559337616,
        0.49598217010498047,
        0.49598217010498047,
        0.49747881293296814,
        0.49747881293296814,
        0.49992188811302185
    ],
    "pspace_r_ratio": [
        0.3891311585903168,
        0.3891311585903168,
        0.38932004570961,
        0.38932004570961,
        0.38959962129592896,
        0.38959962129592896,
        0.3899913728237152,
        0.3899913728237152,
        0.39055848121643066,
        0.39055848121643066,
        0.3913732171058655,
        0.3913732171058655,
        0.39236921072006226,
        0.39236921072006226,
        0.39383774995803833,
        0.39383774995803833,
        0.39604318141937256,
        0.39604318141937256,
        0.3993597626686096
    ],
    "use_external_prediction": [
        0.0,
        0.0,
        0.0,
        0.0,
        0.0,
        0.0,
        0.0,
        0.0,
        0.0,
        0.0,
        0.0,
        0.0,
        0.0,
        0.0,
        0.0,
        0.0,
        0.0,
        0.0,
        0.0
    ]
}