{
    "time": [
        0.1081852912902832,
        0.2868220806121826,
        0.46733856201171875,
        0.6428215503692627,
        0.8138899803161621,
        0.9834258556365967,
        1.139958143234253,
        1.3109357357025146,
        1.4898157119750977,
        1.6785705089569092,
        1.8498916625976562,
        2.015002727508545,
        2.202392101287842,
        2.387883186340332,
        2.564293622970581
    ],
    "navigability": [
        0.7652494311332703,
        0.7653775215148926,
        0.7655165195465088,
        0.7656645774841309,
        0.7658080458641052,
        0.7658727765083313,
        0.7659364938735962,
        0.7660843729972839,
        0.7661598324775696,
        0.7662429809570312,
        0.7663558721542358,
        0.7664806246757507,
        0.7663739323616028,
        0.7662613987922668,
        0.766159176826477
    ],
    "speed_up_level": [
        5.0,
        5.0,
        5.0,
        5.0,
        5.0,
        5.0,
        5.0,
        5.0,
        5.0,
        5.0,
        5.0,
        5.0,
        5.0,
        5.0,
        5.0
    ],
    "robot_invisiable_level": [
        10.0,
        10.0,
        10.0,
        10.0,
        10.0,
        10.0,
        10.0,
        10.0,
        10.0,
        10.0,
        10.0,
        10.0,
        10.0,
        10.0,
        10.0
    ],
    "right_side_level": [
        5.0,
        5.0,
        5.0,
        5.0,
        5.0,
        5.0,
        5.0,
        5.0,
        5.0,
        5.0,
        5.0,
        5.0,
        5.0,
        5.0,
        5.0
    ],
    "pspace_level": [
        10.0,
        10.0,
        10.0,
        10.0,
        10.0,
        10.0,
        10.0,
        10.0,
        10.0,
        10.0,
        10.0,
        10.0,
        10.0,
        10.0,
        10.0
    ],
    "weight_optimaltime": [
        17.288068771362305,
        17.29010009765625,
        17.29010009765625,
        17.29263687133789,
        17.29263687133789,
        17.295419692993164,
        17.295419692993164,
        17.29853630065918,
        17.29853630065918,
        17.301969528198242,
        17.301969528198242,
        17.30452537536621,
        17.30452537536621,
        17.30650520324707,
        17.30650520324707
    ],
    "weight_cc": [
        17.816940307617188,
        17.81684684753418,
        17.81684684753418,
        17.816730499267578,
        17.816730499267578,
        17.816600799560547,
        17.816600799560547,
        17.81645393371582,
        17.81645393371582,
        17.81629180908203,
        17.81629180908203,
        17.81616973876953,
        17.81616973876953,
        17.816072463989258,
        17.816072463989258
    ],
    "pspace_cov": [
        1.0124455690383911,
        1.012486219406128,
        1.012486219406128,
        1.0125365257263184,
        1.0125365257263184,
        1.0125913619995117,
        1.0125913619995117,
        1.0126527547836304,
        1.0126527547836304,
        1.012719988822937,
        1.012719988822937,
        1.0127694606781006,
        1.0127694606781006,
        1.0128077268600464,
        1.0128077268600464
    ],
    "pspace_r_ratio": [
        0.6890524625778198,
        0.6891656517982483,
        0.6891656517982483,
        0.6893059611320496,
        0.6893059611320496,
        0.6894582509994507,
        0.6894582509994507,
        0.689628005027771,
        0.689628005027771,
        0.6898137331008911,
        0.6898137331008911,
        0.6899477243423462,
        0.6899477243423462,
        0.6900490522384644,
        0.6900490522384644
    ],
    "use_external_prediction": [
        1.0,
        1.0,
        1.0,
        1.0,
        1.0,
        1.0,
        1.0,
        1.0,
        1.0,
        1.0,
        1.0,
        1.0,
        1.0,
        1.0,
        1.0
    ]
}