{
    "time": [
        0.14075517654418945,
        0.30080652236938477,
        0.4642360210418701,
        0.618690013885498,
        0.7792713642120361,
        0.9292988777160645,
        1.0926198959350586,
        1.242079496383667,
        1.3999979496002197,
        1.5647015571594238,
        1.730604887008667,
        1.872767448425293,
        2.0219321250915527,
        2.1879122257232666,
        2.3428726196289062
    ],
    "navigability": [
        0.48992547392845154,
        0.49004459381103516,
        0.4906467795372009,
        0.4912278652191162,
        0.4920746088027954,
        0.49297335743904114,
        0.49316996335983276,
        0.4928628206253052,
        0.4932480752468109,
        0.49363067746162415,
        0.49351969361305237,
        0.49334022402763367,
        0.4928485155105591,
        0.49223658442497253,
        0.49107885360717773
    ],
    "speed_up_level": [
        5.0,
        5.0,
        5.0,
        5.0,
        5.0,
        5.0,
        5.0,
        5.0,
        5.0,
        5.0,
        5.0,
        5.0,
        5.0,
        5.0,
        5.0
    ],
    "robot_invisiable_level": [
        10.0,
        10.0,
        10.0,
        10.0,
        10.0,
        10.0,
        10.0,
        10.0,
        10.0,
        10.0,
        10.0,
        10.0,
        10.0,
        10.0,
        10.0
    ],
    "right_side_level": [
        5.0,
        5.0,
        5.0,
        5.0,
        5.0,
        5.0,
        5.0,
        5.0,
        5.0,
        5.0,
        5.0,
        5.0,
        5.0,
        5.0,
        5.0
    ],
    "pspace_level": [
        10.0,
        10.0,
        10.0,
        10.0,
        10.0,
        10.0,
        10.0,
        10.0,
        10.0,
        10.0,
        10.0,
        10.0,
        10.0,
        10.0,
        10.0
    ],
    "weight_optimaltime": [
        15.425236701965332,
        15.425236701965332,
        15.425124168395996,
        15.425124168395996,
        15.425016403198242,
        15.425016403198242,
        15.424906730651855,
        15.424906730651855,
        15.42480754852295,
        15.42480754852295,
        15.424722671508789,
        15.424722671508789,
        15.424713134765625,
        15.424713134765625,
        15.424710273742676
    ],
    "weight_cc": [
        14.501211166381836,
        14.501211166381836,
        14.517578125,
        14.517578125,
        14.535024642944336,
        14.535024642944336,
        14.555140495300293,
        14.555140495300293,
        14.573931694030762,
        14.573931694030762,
        14.59216594696045,
        14.59216594696045,
        14.597976684570312,
        14.597976684570312,
        14.59975528717041
    ],
    "pspace_cov": [
        0.7930075526237488,
        0.7930075526237488,
        0.7937191128730774,
        0.7937191128730774,
        0.7944859266281128,
        0.7944859266281128,
        0.7953811883926392,
        0.7953811883926392,
        0.7962170839309692,
        0.7962170839309692,
        0.7970326542854309,
        0.7970326542854309,
        0.7973099946975708,
        0.7973099946975708,
        0.797394871711731
    ],
    "pspace_r_ratio": [
        0.8003411293029785,
        0.8003411293029785,
        0.8003410696983337,
        0.8003410696983337,
        0.8003409504890442,
        0.8003409504890442,
        0.8003408908843994,
        0.8003408908843994,
        0.8003407716751099,
        0.8003407716751099,
        0.8003407120704651,
        0.8003407120704651,
        0.8003407120704651,
        0.8003407120704651,
        0.8003407120704651
    ],
    "use_external_prediction": [
        0.0,
        0.0,
        0.0,
        0.0,
        0.0,
        0.0,
        0.0,
        0.0,
        0.0,
        0.0,
        0.0,
        0.0,
        0.0,
        0.0,
        0.0
    ]
}