{
    "time": [
        0.1210942268371582,
        0.2764089107513428,
        0.428541898727417,
        0.5846290588378906,
        0.73919677734375,
        0.8938577175140381,
        1.0490894317626953,
        1.2067136764526367,
        1.3547649383544922,
        1.5070853233337402,
        1.6595392227172852,
        1.8152575492858887,
        1.975989580154419,
        2.132976531982422,
        2.288418769836426,
        2.4402360916137695,
        2.5952091217041016,
        2.7466886043548584,
        2.906423330307007,
        3.0640039443969727,
        3.2143328189849854,
        3.361966133117676,
        3.520095109939575,
        3.6771721839904785,
        3.841691732406616,
        3.9974896907806396,
        4.150434970855713,
        4.3065690994262695,
        4.4499804973602295,
        4.605266571044922,
        4.757803201675415,
        4.911335468292236,
        5.069899797439575,
        5.2222864627838135,
        5.370197057723999,
        5.5162739753723145,
        5.669104337692261,
        5.82602334022522,
        5.976975917816162,
        6.130545377731323
    ],
    "navigability": [
        0.6488932371139526,
        0.6489325165748596,
        0.6494622826576233,
        0.650053858757019,
        0.6508849859237671,
        0.6517648696899414,
        0.6530191898345947,
        0.6544601321220398,
        0.6559748649597168,
        0.657579243183136,
        0.6593524813652039,
        0.6614933013916016,
        0.6637651920318604,
        0.666342556476593,
        0.6689122319221497,
        0.671751856803894,
        0.6747322678565979,
        0.6780263781547546,
        0.6813443899154663,
        0.6850114464759827,
        0.6885759234428406,
        0.6925167441368103,
        0.6962689161300659,
        0.7004309892654419,
        0.7044883370399475,
        0.7083917856216431,
        0.7127059102058411,
        0.7167981266975403,
        0.7213122844696045,
        0.7254326343536377,
        0.7296039462089539,
        0.7342106699943542,
        0.7386203408241272,
        0.742851734161377,
        0.7475282549858093,
        0.7518942356109619,
        0.7567180395126343,
        0.7604113817214966,
        0.7642913460731506,
        0.768579363822937
    ],
    "speed_up_level": [
        5.0,
        5.0,
        5.0,
        5.0,
        5.0,
        5.0,
        5.0,
        5.0,
        5.0,
        5.0,
        5.0,
        5.0,
        5.0,
        5.0,
        5.0,
        5.0,
        5.0,
        5.0,
        5.0,
        5.0,
        5.0,
        5.0,
        5.0,
        5.0,
        5.0,
        5.0,
        5.0,
        5.0,
        5.0,
        5.0,
        5.0,
        5.0,
        5.0,
        5.0,
        5.0,
        5.0,
        5.0,
        5.0,
        5.0,
        5.0
    ],
    "robot_invisiable_level": [
        10.0,
        10.0,
        10.0,
        10.0,
        10.0,
        10.0,
        10.0,
        10.0,
        10.0,
        10.0,
        10.0,
        10.0,
        10.0,
        10.0,
        10.0,
        10.0,
        10.0,
        10.0,
        10.0,
        10.0,
        10.0,
        10.0,
        10.0,
        10.0,
        10.0,
        10.0,
        10.0,
        10.0,
        10.0,
        10.0,
        10.0,
        10.0,
        10.0,
        10.0,
        10.0,
        10.0,
        10.0,
        10.0,
        10.0,
        10.0
    ],
    "right_side_level": [
        5.0,
        5.0,
        5.0,
        5.0,
        5.0,
        5.0,
        5.0,
        5.0,
        5.0,
        5.0,
        5.0,
        5.0,
        5.0,
        5.0,
        5.0,
        5.0,
        5.0,
        5.0,
        5.0,
        5.0,
        5.0,
        5.0,
        5.0,
        5.0,
        5.0,
        5.0,
        5.0,
        5.0,
        5.0,
        5.0,
        5.0,
        5.0,
        5.0,
        5.0,
        5.0,
        5.0,
        5.0,
        5.0,
        5.0,
        5.0
    ],
    "pspace_level": [
        10.0,
        10.0,
        10.0,
        10.0,
        10.0,
        10.0,
        10.0,
        10.0,
        10.0,
        10.0,
        10.0,
        10.0,
        10.0,
        10.0,
        10.0,
        10.0,
        10.0,
        10.0,
        10.0,
        10.0,
        10.0,
        10.0,
        10.0,
        10.0,
        10.0,
        10.0,
        10.0,
        10.0,
        10.0,
        10.0,
        10.0,
        10.0,
        10.0,
        10.0,
        10.0,
        10.0,
        10.0,
        10.0,
        10.0,
        10.0
    ],
    "weight_optimaltime": [
        18.742774963378906,
        18.209991455078125,
        18.209991455078125,
        18.209991455078125,
        18.209991455078125,
        18.209991455078125,
        18.209991455078125,
        18.209991455078125,
        18.209991455078125,
        18.209991455078125,
        18.209991455078125,
        18.209991455078125,
        18.209991455078125,
        18.209991455078125,
        18.209991455078125,
        18.209991455078125,
        18.209991455078125,
        18.209991455078125,
        18.209991455078125,
        18.209991455078125,
        18.209991455078125,
        18.209991455078125,
        18.209991455078125,
        18.209991455078125,
        18.209991455078125,
        18.209991455078125,
        18.209991455078125,
        18.209991455078125,
        18.209991455078125,
        18.209991455078125,
        18.209991455078125,
        18.209991455078125,
        18.209991455078125,
        18.209991455078125,
        18.209991455078125,
        18.209991455078125,
        18.209991455078125,
        18.209991455078125,
        18.209991455078125,
        18.209991455078125
    ],
    "weight_cc": [
        16.668716430664062,
        16.668716430664062,
        16.132841110229492,
        16.132841110229492,
        16.132841110229492,
        16.132841110229492,
        16.132841110229492,
        16.132841110229492,
        16.132841110229492,
        16.132841110229492,
        16.132841110229492,
        16.132841110229492,
        16.132841110229492,
        16.132841110229492,
        16.132841110229492,
        16.132841110229492,
        16.132841110229492,
        16.132841110229492,
        16.132841110229492,
        16.132841110229492,
        16.132841110229492,
        16.132841110229492,
        16.132841110229492,
        16.132841110229492,
        16.132841110229492,
        16.132841110229492,
        16.132841110229492,
        16.132841110229492,
        16.132841110229492,
        16.132841110229492,
        16.132841110229492,
        16.132841110229492,
        16.132841110229492,
        16.132841110229492,
        16.132841110229492,
        16.132841110229492,
        16.132841110229492,
        16.132841110229492,
        16.132841110229492,
        16.132841110229492
    ],
    "pspace_cov": [
        0.9565794467926025,
        0.9291936755180359,
        0.9291936755180359,
        0.9291936755180359,
        0.9291936755180359,
        0.9291936755180359,
        0.9291936755180359,
        0.9291936755180359,
        0.9291936755180359,
        0.9291936755180359,
        0.9291936755180359,
        0.9291936755180359,
        0.9291936755180359,
        0.9291936755180359,
        0.9291936755180359,
        0.9291936755180359,
        0.9291936755180359,
        0.9291936755180359,
        0.9291936755180359,
        0.9291936755180359,
        0.9291936755180359,
        0.9291936755180359,
        0.9291936755180359,
        0.9291936755180359,
        0.9291936755180359,
        0.9291936755180359,
        0.9291936755180359,
        0.9291936755180359,
        0.9291936755180359,
        0.9291936755180359,
        0.9291936755180359,
        0.9291936755180359,
        0.9291936755180359,
        0.9291936755180359,
        0.9291936755180359,
        0.9291936755180359,
        0.9291936755180359,
        0.9291936755180359,
        0.9291936755180359,
        0.9291936755180359
    ],