{
    "time": [
        0.07576203346252441,
        0.17415332794189453,
        0.27564120292663574,
        0.37746167182922363,
        0.47414469718933105,
        0.5740537643432617,
        0.6763870716094971
    ],
    "navigability": [
        0.35376644134521484,
        0.3563038110733032,
        0.3571120798587799,
        0.3579363226890564,
        0.3595161437988281,
        0.36130982637405396,
        0.36297598481178284
    ],
    "speed_up_level": [
        5.0,
        5.0,
        5.0,
        5.0,
        5.0,
        5.0,
        5.0
    ],
    "robot_invisiable_level": [
        10.0,
        10.0,
        10.0,
        10.0,
        10.0,
        10.0,
        10.0
    ],
    "right_side_level": [
        6.0,
        6.0,
        6.0,
        6.0,
        6.0,
        6.0,
        6.0
    ],
    "pspace_level": [
        10.0,
        10.0,
        10.0,
        10.0,
        10.0,
        10.0,
        10.0
    ],
    "weight_optimaltime": [
        5.174673080444336,
        5.174673080444336,
        5.174673080444336,
        5.174673080444336,
        5.174673080444336,
        5.174673080444336,
        5.174673080444336
    ],
    "weight_cc": [
        11.670112609863281,
        11.173763275146484,
        11.173763275146484,
        11.173763275146484,
        11.173763275146484,
        11.173763275146484,
        11.173763275146484
    ],
    "pspace_cov": [
        0.658838152885437,
        0.658838152885437,
        0.658838152885437,
        0.658838152885437,
        0.658838152885437,
        0.658838152885437,
        0.658838152885437
    ],
    "pspace_r_ratio": [
        0.7011502981185913,
        0.710918128490448,
        0.710918128490448,
        0.710918128490448,
        0.710918128490448,
        0.710918128490448,
        0.710918128490448
    ],
    "use_external_prediction": [
        0.0,
        0.0,
        0.0,
        0.0,
        0.0,
        0.0,
        0.0
    ]
}