{
    "time": [
        0.13664603233337402,
        0.2957429885864258,
        0.4488382339477539,
        0.5882606506347656,
        0.7415449619293213,
        0.8935525417327881,
        1.0400433540344238,
        1.1916165351867676,
        1.3407421112060547,
        1.4814035892486572,
        1.6239078044891357,
        1.7722082138061523,
        1.9207708835601807,
        2.0753681659698486,
        2.222256898880005,
        2.377842664718628,
        2.5241453647613525,
        2.670936107635498
    ],
    "navigability": [
        0.45500287413597107,
        0.45486700534820557,
        0.4546824097633362,
        0.4544507563114166,
        0.453996479511261,
        0.45347681641578674,
        0.45299649238586426,
        0.4524593949317932,
        0.451732873916626,
        0.45091667771339417,
        0.44999706745147705,
        0.44898027181625366,
        0.4478675127029419,
        0.4465448260307312,
        0.4450830817222595,
        0.44370535016059875,
        0.4421689808368683,
        0.44147104024887085
    ],
    "speed_up_level": [
        5.0,
        5.0,
        5.0,
        5.0,
        5.0,
        5.0,
        5.0,
        5.0,
        5.0,
        5.0,
        5.0,
        5.0,
        5.0,
        5.0,
        5.0,
        5.0,
        5.0,
        5.0
    ],
    "robot_invisiable_level": [
        10.0,
        10.0,
        10.0,
        10.0,
        10.0,
        10.0,
        10.0,
        10.0,
        10.0,
        10.0,
        10.0,
        10.0,
        10.0,
        10.0,
        10.0,
        10.0,
        10.0,
        10.0
    ],
    "right_side_level": [
        6.0,
        6.0,
        6.0,
        6.0,
        6.0,
        6.0,
        6.0,
        6.0,
        6.0,
        6.0,
        6.0,
        6.0,
        6.0,
        6.0,
        6.0,
        6.0,
        6.0,
        6.0
    ],
    "pspace_level": [
        10.0,
        10.0,
        10.0,
        10.0,
        10.0,
        10.0,
        10.0,
        10.0,
        10.0,
        10.0,
        10.0,
        10.0,
        10.0,
        10.0,
        10.0,
        10.0,
        10.0,
        10.0
    ],
    "weight_optimaltime": [
        11.861902236938477,
        11.861902236938477,
        11.857367515563965,
        11.857367515563965,
        11.853290557861328,
        11.853290557861328,
        11.846741676330566,
        11.846741676330566,
        11.839056968688965,
        11.839056968688965,
        11.822686195373535,
        11.822686195373535,
        11.800472259521484,
        11.800472259521484,
        11.769583702087402,
        11.769583702087402,
        11.73049259185791,
        11.73049259185791
    ],
    "weight_cc": [
        13.95317268371582,
        13.95317268371582,
        13.950349807739258,
        13.950349807739258,
        13.948051452636719,
        13.948051452636719,
        13.942639350891113,
        13.942639350891113,
        13.935847282409668,
        13.935847282409668,
        13.921609878540039,
        13.921609878540039,
        13.896839141845703,
        13.896839141845703,
        13.867650985717773,
        13.867650985717773,
        13.830724716186523,
        13.830724716186523
    ],
    "pspace_cov": [
        0.7788904309272766,
        0.7788904309272766,
        0.778741180896759,
        0.778741180896759,
        0.7786064743995667,
        0.7786064743995667,
        0.7783903479576111,
        0.7783903479576111,
        0.7781361937522888,
        0.7781361937522888,
        0.777593195438385,
        0.777593195438385,
        0.77685546875,
        0.77685546875,
        0.7758287787437439,
        0.7758287787437439,
        0.7745214104652405,
        0.7745214104652405
    ],
    "pspace_r_ratio": [
        0.7880162000656128,
        0.7880162000656128,
        0.7458361387252808,
        0.7458361387252808,
        0.7317816615104675,
        0.7317816615104675,
        0.7247474193572998,
        0.7247474193572998,
        0.7205257415771484,
        0.7205257415771484,
        0.7036440372467041,
        0.7036440372467041,
        0.7036474943161011,
        0.7036474943161011,
        0.7036750912666321,
        0.7036750912666321,
        0.7037495374679565,
        0.7037495374679565
    ],
    "use_external_prediction": [
        0.0,
        0.0,
        0.0,
        0.0,
        0.0,
        0.0,
        0.0,
        0.0,
        0.0,
        0.0,
        0.0,
        0.0,
        0.0,
        0.0,
        0.0,
        0.0,
        0.0,
        0.0
    ]
}