{
    "time": [
        0.14735722541809082,
        0.3300809860229492,
        0.5001537799835205,
        0.6527822017669678,
        0.8120665550231934,
        0.9733083248138428,
        1.1457514762878418,
        1.3106117248535156,
        1.5058097839355469,
        1.6709678173065186,
        1.8341574668884277,
        2.0210347175598145,
        2.1755266189575195,
        2.3463664054870605,
        2.5055205821990967,
        2.6847283840179443,
        2.851318120956421,
        3.0357773303985596,
        3.199124574661255,
        3.372110605239868,
        3.5357797145843506
    ],
    "navigability": [
        0.7515869140625,
        0.7500293254852295,
        0.7484143972396851,
        0.7468125224113464,
        0.7450419664382935,
        0.743699312210083,
        0.7422154545783997,
        0.740392804145813,
        0.7383788824081421,
        0.7364130020141602,
        0.7342404723167419,
        0.7318187355995178,
        0.7291644215583801,
        0.7262309789657593,
        0.7233982086181641,
        0.7205394506454468,
        0.7173798084259033,
        0.7143251895904541,
        0.710949182510376,
        0.7079265713691711,
        0.7045860886573792
    ],
    "speed_up_level": [
        10.0,
        10.0,
        10.0,
        10.0,
        10.0,
        10.0,
        10.0,
        10.0,
        10.0,
        10.0,
        10.0,
        10.0,
        10.0,
        10.0,
        10.0,
        10.0,
        10.0,
        10.0,
        10.0,
        10.0,
        10.0
    ],
    "robot_invisiable_level": [
        0.0,
        0.0,
        0.0,
        0.0,
        0.0,
        0.0,
        0.0,
        0.0,
        0.0,
        0.0,
        0.0,
        0.0,
        0.0,
        0.0,
        0.0,
        0.0,
        0.0,
        0.0,
        0.0,
        0.0,
        0.0
    ],
    "right_side_level": [
        0.0,
        0.0,
        0.0,
        0.0,
        0.0,
        0.0,
        0.0,
        0.0,
        0.0,
        0.0,
        0.0,
        0.0,
        0.0,
        0.0,
        0.0,
        0.0,
        0.0,
        0.0,
        0.0,
        0.0,
        0.0
    ],
    "pspace_level": [
        0.0,
        0.0,
        0.0,
        0.0,
        0.0,
        0.0,
        0.0,
        0.0,
        0.0,
        0.0,
        0.0,
        0.0,
        0.0,
        0.0,
        0.0,
        0.0,
        0.0,
        0.0,
        0.0,
        0.0,
        0.0
    ],
    "weight_optimaltime": [
        21.204221725463867,
        21.204221725463867,
        21.204378128051758,
        21.204378128051758,
        21.204378128051758,
        21.204395294189453,
        21.204395294189453,
        21.204395294189453,
        21.204240798950195,
        21.204240798950195,
        21.203777313232422,
        21.203777313232422,
        21.20270347595215,
        21.20270347595215,
        21.200273513793945,
        21.200273513793945,
        21.200273513793945,
        21.200273513793945,
        21.200273513793945,
        21.192594528198242,
        21.192594528198242
    ],
    "weight_cc": [
        4.286787509918213,
        4.349803924560547,
        4.378360748291016,
        4.378360748291016,
        4.378360748291016,
        4.3838629722595215,
        4.3838629722595215,
        4.3838629722595215,
        4.35756254196167,
        4.35756254196167,
        4.3145928382873535,
        4.3145928382873535,
        4.259835720062256,
        4.259835720062256,
        4.259835720062256,
        4.1987409591674805,
        4.1987409591674805,
        4.1987409591674805,
        4.1987409591674805,
        4.128003120422363,
        4.128003120422363
    ],
    "pspace_cov": [
        0.5908194780349731,
        0.5921095609664917,
        0.5927250385284424,
        0.5927250385284424,
        0.5927250385284424,
        0.5928440093994141,
        0.5928440093994141,
        0.5928440093994141,
        0.5922788977622986,
        0.5922788977622986,
        0.5913623571395874,
        0.5913623571395874,
        0.5902201533317566,
        0.5902201533317566,
        0.5902201533317566,
        0.588987410068512,
        0.588987410068512,
        0.588987410068512,
        0.588987410068512,
        0.5876779556274414,
        0.5876779556274414
    ],
    "pspace_r_ratio": [
        0.9463496208190918,
        0.9473476409912109,
        0.9475429654121399,
        0.9475429654121399,
        0.9475429654121399,
        0.9474437832832336,
        0.9474437832832336,
        0.9474437832832336,
        0.9469708204269409,
        0.9469708204269409,
        0.9460342526435852,
        0.9460342526435852,
        0.9451027512550354,
        0.9451027512550354,
        0.9451027512550354,
        0.9440957307815552,
        0.9440957307815552,
        0.9440957307815552,
        0.9440957307815552,
        0.9425684809684753,
        0.9425684809684753
    ],
    "use_external_prediction": [
        1.0,
        1.0,
        1.0,
        1.0,
        1.0,
        1.0,
        1.0,
        1.0,
        1.0,
        1.0,
        1.0,
        1.0,
        1.0,
        1.0,
        1.0,
        1.0,
        1.0,
        1.0,
        1.0,
        1.0,
        1.0
    ]
}