{
    "time": [
        0.018367290496826172,
        0.1183629035949707,
        0.21830439567565918,
        0.3183591365814209,
        0.4183523654937744,
        0.5183923244476318,
        0.6183617115020752,
        0.7183520793914795,
        0.818411111831665,
        0.918360710144043,
        1.0183818340301514
    ],
    "navigability": [
        0.6126661896705627,
        0.6127030253410339,
        0.6127215623855591,
        0.6127418875694275,
        0.6127049326896667,
        0.6128188967704773,
        0.6129449009895325,
        0.6128395795822144,
        0.6126745343208313,
        0.6125531196594238,
        0.6125283241271973
    ],
    "speed_up_level": [
        7.0,
        7.0,
        10.0,
        10.0,
        10.0,
        10.0,
        10.0,
        10.0,
        10.0,
        10.0,
        10.0
    ],
    "robot_invisiable_level": [
        5.0,
        5.0,
        5.0,
        0.0,
        0.0,
        0.0,
        0.0,
        0.0,
        0.0,
        0.0,
        0.0
    ],
    "right_side_level": [
        10.0,
        10.0,
        0.0,
        0.0,
        0.0,
        0.0,
        0.0,
        0.0,
        0.0,
        0.0,
        0.0
    ],
    "pspace_level": [
        10.0,
        10.0,
        0.0,
        0.0,
        0.0,
        0.0,
        0.0,
        0.0,
        0.0,
        0.0,
        0.0
    ],
    "weight_optimaltime": [
        9.676018714904785,
        9.676018714904785,
        16.910158157348633,
        16.910158157348633,
        16.910158157348633,
        16.910158157348633,
        16.910158157348633,
        16.910158157348633,
        16.910158157348633,
        16.910158157348633,
        16.910158157348633
    ],
    "weight_cc": [
        9.25836181640625,
        9.25836181640625,
        9.25836181640625,
        3.9121572971343994,
        3.9121572971343994,
        3.9121572971343994,
        3.9121572971343994,
        3.9121572971343994,
        3.9121572971343994,
        3.9121572971343994,
        3.9121572971343994
    ],
    "pspace_cov": [
        0.6793771386146545,
        0.6793771386146545,
        0.5881206393241882,
        0.5881206393241882,
        0.5881206393241882,
        0.5881206393241882,
        0.5881206393241882,
        0.5881206393241882,
        0.5881206393241882,
        0.5881206393241882,
        0.5881206393241882
    ],
    "pspace_r_ratio": [
        0.636330246925354,
        0.636330246925354,
        0.636330246925354,
        0.8941214680671692,
        0.8941214680671692,
        0.8941214680671692,
        0.8941214680671692,
        0.8941214680671692,
        0.8941214680671692,
        0.8941214680671692,
        0.8941214680671692
    ],
    "use_external_prediction": [
        0.0,
        0.0,
        0.0,
        0.0,
        0.0,
        0.0,
        0.0,
        0.0,
        0.0,
        0.0,
        0.0
    ]
}