{
    "time": [
        0.03447747230529785,
        0.13930130004882812,
        0.23445439338684082,
        0.33445239067077637,
        0.43561816215515137,
        0.5344693660736084,
        0.6355280876159668,
        0.7344517707824707,
        0.8344821929931641,
        0.9344558715820312,
        1.0344843864440918,
        1.1462271213531494
    ],
    "navigability": [
        0.5774862170219421,
        0.584692120552063,
        0.584692120552063,
        0.5931916236877441,
        0.5931916236877441,
        0.602958619594574,
        0.608154833316803,
        0.613897442817688,
        0.6173784732818604,
        0.6212254762649536,
        0.6255005598068237,
        0.6300870776176453
    ],
    "speed_up_level": [
        5.0,
        5.0,
        5.0,
        5.0,
        5.0,
        5.0,
        5.0,
        5.0,
        5.0,
        5.0,
        5.0,
        5.0
    ],
    "robot_invisiable_level": [
        10.0,
        10.0,
        10.0,
        10.0,
        10.0,
        10.0,
        10.0,
        10.0,
        10.0,
        10.0,
        10.0,
        10.0
    ],
    "right_side_level": [
        6.0,
        6.0,
        6.0,
        6.0,
        6.0,
        6.0,
        6.0,
        6.0,
        6.0,
        6.0,
        6.0,
        6.0
    ],
    "pspace_level": [
        10.0,
        10.0,
        10.0,
        10.0,
        10.0,
        10.0,
        10.0,
        10.0,
        10.0,
        10.0,
        10.0,
        10.0
    ],
    "weight_optimaltime": [
        5.016812324523926,
        5.116115093231201,
        5.116115093231201,
        5.116115093231201,
        5.116115093231201,
        5.116115093231201,
        5.116115093231201,
        5.116115093231201,
        5.116115093231201,
        5.116115093231201,
        5.116115093231201,
        5.116115093231201
    ],
    "weight_cc": [
        14.373600959777832,
        14.469117164611816,
        14.469117164611816,
        14.469117164611816,
        14.469117164611816,
        14.469117164611816,
        14.469117164611816,
        14.469117164611816,
        14.469117164611816,
        14.469117164611816,
        14.469117164611816,
        14.469117164611816
    ],
    "pspace_cov": [
        0.7931531071662903,
        0.8025996088981628,
        0.8025996088981628,
        0.8025996088981628,
        0.8025996088981628,
        0.8025996088981628,
        0.8025996088981628,
        0.8025996088981628,
        0.8025996088981628,
        0.8025996088981628,
        0.8025996088981628,
        0.8025996088981628
    ],
    "pspace_r_ratio": [
        0.7025005221366882,
        0.7087291479110718,
        0.7087291479110718,
        0.7087291479110718,
        0.7087291479110718,
        0.7087291479110718,
        0.7087291479110718,
        0.7087291479110718,
        0.7087291479110718,
        0.7087291479110718,
        0.7087291479110718,
        0.7087291479110718
    ],
    "use_external_prediction": [
        0.0,
        0.0,
        0.0,
        0.0,
        0.0,
        0.0,
        0.0,
        0.0,
        0.0,
        0.0,
        0.0,
        0.0
    ]
}