{
    "time": [
        0.04869675636291504,
        0.23595547676086426,
        0.4071826934814453,
        0.5706474781036377,
        0.7402164936065674,
        0.90242600440979,
        1.0679223537445068,
        1.2295711040496826,
        1.3945918083190918,
        1.5697340965270996,
        1.739821434020996,
        1.9065909385681152,
        2.070368528366089,
        2.2537617683410645,
        2.4185094833374023,
        2.5876917839050293,
        2.758897066116333,
        2.9315922260284424,
        3.095524311065674,
        3.2588629722595215,
        3.428528070449829,
        3.6091132164001465,
        3.800297737121582,
        3.9909827709198,
        4.201503753662109,
        4.391517877578735,
        4.615599155426025,
        4.8524603843688965,
        5.109674453735352,
        5.407348394393921,
        5.739829778671265,
        6.119807243347168,
        6.555910587310791,
        7.038832664489746,
        7.557581424713135,
        8.118050575256348,
        8.67177438735962,
        9.248047113418579,
        9.84346628189087,
        10.452164888381958,
        11.096859455108643,
        11.767407417297363,
        12.492053270339966,
        13.246863603591919,
        14.013588190078735,
        14.818284511566162,
        15.684773683547974,
        16.555335998535156,
        17.45801019668579,
        18.391798496246338
    ],
    "navigability": [
        0.5480279922485352,
        0.5480287671089172,
        0.548032283782959,
        0.5481027364730835,
        0.5481545329093933,
        0.5482172966003418,
        0.5482901334762573,
        0.5481967329978943,
        0.5480935573577881,
        0.5481769442558289,
        0.5480865240097046,
        0.5479819178581238,
        0.5480155944824219,
        0.5479937195777893,
        0.5480530261993408,
        0.5481184720993042,
        0.5479382276535034,
        0.5477390289306641,
        0.5475237965583801,
        0.5472859144210815,
        0.5470191240310669,
        0.546724259853363,
        0.5463857054710388,
        0.5460115075111389,
        0.5456043481826782,
        0.5451458692550659,
        0.5446390509605408,
        0.5440541505813599,
        0.5433796644210815,
        0.5426340103149414,
        0.5418068766593933,
        0.5408818125724792,
        0.5398388504981995,
        0.5386860966682434,
        0.5373147130012512,
        0.5357106328010559,
        0.5340088605880737,
        0.5320396423339844,
        0.5298671126365662,
        0.5283291339874268,
        0.5266232490539551,
        0.5246161818504333,
        0.5224748849868774,
        0.5201082229614258,
        0.5166841149330139,
        0.5128998756408691,
        0.5089589357376099,
        0.5046035051345825,
        0.5017748475074768,
        0.4991855025291443
    ],
    "speed_up_level": [
        null,
        5.0,
        5.0,
        5.0,
        5.0,
        5.0,
        5.0,
        5.0,
        5.0,
        5.0,
        5.0,
        5.0,
        5.0,
        5.0,
        5.0,
        5.0,
        5.0,
        5.0,
        5.0,
        5.0,
        5.0,
        5.0,
        5.0,
        5.0,
        5.0,
        5.0,
        5.0,
        5.0,
        5.0,
        5.0,
        5.0,
        5.0,
        5.0,
        5.0,
        5.0,
        5.0,
        5.0,
        5.0,
        5.0,
        5.0,
        5.0,
        5.0,
        5.0,
        5.0,
        5.0,
        5.0,
        5.0,
        5.0,
        5.0,
        5.0
    ],
    "robot_invisiable_level": [
        null,
        10.0,
        10.0,
        10.0,
        10.0,
        10.0,
        10.0,
        10.0,
        10.0,
        10.0,
        10.0,
        10.0,
        10.0,
        10.0,
        10.0,
        10.0,
        10.0,
        10.0,
        10.0,
        10.0,
        10.0,
        10.0,
        10.0,
        10.0,
        10.0,
        10.0,
        10.0,
        10.0,
        10.0,
        10.0,
        10.0,
        10.0,
        10.0,
        10.0,
        10.0,
        10.0,
        10.0,
        10.0,
        10.0,
        10.0,
        10.0,
        10.0,
        10.0,
        10.0,
        10.0,
        10.0,
        10.0,
        10.0,
        10.0,
        10.0
    ],
    "right_side_level": [
        null,
        6.0,
        6.0,
        6.0,
        6.0,
        6.0,
        6.0,
        6.0,
        6.0,
        6.0,
        6.0,
        6.0,
        6.0,
        6.0,
        6.0,
        6.0,
        6.0,
        6.0,
        6.0,
        6.0,
        6.0,
        6.0,
        6.0,
        6.0,
        6.0,
        6.0,
        6.0,
        6.0,
        6.0,
        6.0,
        6.0,
        6.0,
        6.0,
        6.0,
        6.0,
        6.0,
        6.0,
        6.0,
        6.0,
        6.0,
        6.0,
        6.0,
        6.0,
        6.0,
        6.0,
        6.0,
        6.0,
        6.0,
        6.0,
        6.0
    ],
    "pspace_level": [
        null,
        10.0,
        10.0,
        10.0,
        10.0,
        10.0,
        10.0,
        10.0,
        10.0,
        10.0,
        10.0,
        10.0,
        10.0,
        10.0,
        10.0,
        10.0,
        10.0,
        10.0,
        10.0,
        10.0,
        10.0,
        10.0,
        10.0,
        10.0,
        10.0,
        10.0,
        10.0,
        10.0,
        10.0,
        10.0,
        10.0,
        10.0,
        10.0,
        10.0,
        10.0,
        10.0,
        10.0,
        10.0,
        10.0,
        10.0,
        10.0,
        10.0,
        10.0,
        10.0,
        10.0,
        10.0,
        10.0,
        10.0,
        10.0,
        10.0
    ],
    "weight_optimaltime": [
        null,
        12.49161148071289,
        12.49161148071289,
        12.491610527038574,
        12.491610527038574,
        12.491610527038574,
        12.491610527038574,
        12.491610527038574,
        12.491610527038574,
        12.491610527038574,
        12.491610527038574,
        12.491610527038574,
        12.491610527038574,
        12.491610527038574,
        12.491610527038574,
        12.491610527038574,
        12.491610527038574,
        12.49161148071289,
        12.49161148071289,
        12.49161434173584,
        12.49161434173584,
        12.491617202758789,
        12.491617202758789,
        12.491621971130371,
        12.491621971130371,
        12.491628646850586,
        12.491628646850586,
        12.49163818359375,
        12.49163818359375,
        12.49164867401123,
        12.49164867401123,
        12.49166202545166,
        12.49166202545166,
        12.491677284240723,
        12.491677284240723,
        12.491695404052734,
        12.491695404052734,
        12.491715431213379,
        12.491715431213379,
        12.491737365722656,
        12.491737365722656,
        12.4917573928833,
        12.4917573928833,
        12.491777420043945,
        12.491777420043945,
        12.49179458618164,
        12.49179458618164,
        12.49180793762207,
        12.49180793762207,
        12.490090370178223
    ],