{"rooms":{"entry_1":{"outline":[[[5.4,1.75,0],[5.4,-2.05,0]]]},"entry_2":{"outline":[[[-1.9000000000000004,-5.1499999999999995,0],[1.950000000000001,-5.1,0]]]},"entry_3":{"outline":[[[-5.8,2,0],[-5.7,-1.8499999999999996,0]]]},"entry_4":{"outline":[[[-1.9000000000000004,5.4,0],[1.950000000000001,5.450000000000001,0]]]}},"doors":{}}