{"rooms":{"room1":{"outline":[[[-0.5,0.75,0],[-0.6500000000000004,-1.5999999999999996,0]],[[-0.6500000000000004,-1.5999999999999996,0],[6.600000000000001,-1.25,0]],[[6.600000000000001,-1.25,0],[6.300000000000001,0.5,0]],[[6.300000000000001,0.5,0],[-0.5,0.8500000000000014,0]]]},"room2":{"outline":[[[-6.6,3.3000000000000007,0],[-6.5,1.1000000000000014,0]],[[-6.5,1.1000000000000014,0],[-2.4499999999999993,1.3000000000000007,0]],[[-2.4499999999999993,1.3000000000000007,0],[-2.75,3.3500000000000014,0]],[[-2.75,3.3500000000000014,0],[-6.5,3.200000000000001,0]]]}},"doors":{}}