{"rooms":{"mall_1":{"outline":[[[-18.4,15.600000000000009,0],[-18.4,-18.2,0]],[[-18.4,-18.2,0],[-8.799999999999997,-18.4,0]],[[-8.799999999999997,-18.4,0],[-8.799999999999997,15.600000000000009,0]],[[-8.799999999999997,15.600000000000009,0],[-18.4,15.700000000000003,0]]]},"mall_2":{"outline":[[[16.10000000000001,-9.5,0],[6.800000000000004,-9.5,0]],[[6.800000000000004,-9.5,0],[6.900000000000006,-18,0]],[[6.900000000000006,-18,0],[16,-18.4,0]],[[16,-18.4,0],[16,-9.5,0]]]},"mall_3":{"outline":[[[12.700000000000003,16,0],[12.800000000000004,6.600000000000001,0]],[[12.800000000000004,6.600000000000001,0],[15.900000000000006,6.5,0]],[[15.900000000000006,6.5,0],[16,15.799999999999997,0]],[[16,15.799999999999997,0],[12.800000000000004,15.700000000000003,0]]]},"mall_4":{"outline":[[[6.800000000000004,6.600000000000001,0],[6.600000000000001,-9.599999999999994,0]],[[6.600000000000001,-9.599999999999994,0],[13.800000000000004,-9.399999999999999,0]],[[13.800000000000004,-9.399999999999999,0],[13.600000000000001,6.5,0]],[[13.600000000000001,6.5,0],[6.900000000000006,6.5,0]]]},"mall_5":{"outline":[[[-8.899999999999999,13.600000000000001,0],[8.5,13.300000000000004,0]],[[8.5,13.300000000000004,0],[8,-16.5,0]],[[8,-16.5,0],[-8.899999999999999,-16.4,0]],[[-8.899999999999999,-16.4,0],[-8.799999999999997,13.5,0]]]}},"doors":{}}