{"rooms":{"warehouse_1":{"outline":[[[29.60000000000001,-5.299999999999997,0],[29.400000000000006,-8.099999999999994,0]],[[29.400000000000006,-8.099999999999994,0],[23.200000000000003,-14,0]],[[23.200000000000003,-14,0],[23.299999999999997,-23.2,0]],[[23.299999999999997,-23.2,0],[34.60000000000001,-23.299999999999997,0]],[[34.60000000000001,-23.299999999999997,0],[34.60000000000001,-5.599999999999994,0]],[[34.60000000000001,-5.599999999999994,0],[29.5,-5.299999999999997,0]]]},"warehouse_2":{"outline":[[[34.5,-37,0],[-37.1,-36.8,0]],[[-37.1,-36.8,0],[-36.9,-23.599999999999998,0]],[[-36.9,-23.599999999999998,0],[34.5,-23.299999999999997,0]],[[34.5,-23.299999999999997,0],[34.5,-36.8,0]]]},"warehouse_3":{"outline":[[[-37.1,-10.5,0],[-37.1,-23.599999999999998,0]],[[-37.1,-23.599999999999998,0],[-22.9,-23.4,0]],[[-22.9,-23.4,0],[-23.099999999999998,-10.5,0]],[[-23.099999999999998,-10.5,0],[-37.1,-10.699999999999996,0]]]},"warehouse_4":{"outline":[[[-22.9,-5.299999999999997,0],[-36.9,-5.199999999999996,0]],[[-36.9,-5.199999999999996,0],[-37.1,21.400000000000006,0]],[[-37.1,21.400000000000006,0],[-23.099999999999998,21.299999999999997,0]],[[-23.099999999999998,21.299999999999997,0],[-22.9,-5.099999999999994,0]]]},"warehouse_5":{"outline":[[[-37.1,33.900000000000006,0],[19.799999999999997,33.60000000000001,0]],[[19.799999999999997,33.60000000000001,0],[19.799999999999997,21.299999999999997,0]],[[19.799999999999997,21.299999999999997,0],[-36.9,21,0]],[[-36.9,21,0],[-37.1,33.7,0]]]},"warehouse_6":{"outline":[[[19.700000000000003,33.80000000000001,0],[34.30000000000001,33.80000000000001,0]],[[34.30000000000001,33.80000000000001,0],[34.30000000000001,19.200000000000003,0]],[[34.30000000000001,19.200000000000003,0],[20,19.200000000000003,0]],[[20,19.200000000000003,0],[19.799999999999997,33.80000000000001,0]]]}},"doors":{}}