{"rooms":{"corrider_1":{"outline":[[[-37,-5.099999999999994,0],[-23.099999999999998,-5.199999999999996,0]],[[-23.099999999999998,-5.199999999999996,0],[-23.099999999999998,-10.5,0]],[[-23.099999999999998,-10.5,0],[-36.9,-10.699999999999996,0]],[[-36.9,-10.699999999999996,0],[-37.1,-5.199999999999996,0]]]},"corrider_2":{"outline":[[[-23.099999999999998,21.10000000000001,0],[-18,21.10000000000001,0]],[[-18,21.10000000000001,0],[-18.4,-23.099999999999998,0]],[[-18.4,-23.099999999999998,0],[-23.2,-23.2,0]],[[-23.2,-23.2,0],[-23.2,21.10000000000001,0]]]},"corrider_3":{"outline":[[[-18.4,-18.2,0],[23.200000000000003,-18.4,0]],[[23.200000000000003,-18.4,0],[23.299999999999997,-23.4,0]],[[23.299999999999997,-23.4,0],[-18.4,-23.4,0]],[[-18.4,-23.4,0],[-18.4,-18.299999999999997,0]]]},"corrider_4":{"outline":[[[-8.899999999999999,-16.5,0],[6.900000000000006,-16.6,0]],[[6.900000000000006,-16.6,0],[6.900000000000006,-18.2,0]],[[6.900000000000006,-18.2,0],[-8.899999999999999,-18.4,0]],[[-8.899999999999999,-18.4,0],[-8.699999999999996,-16.4,0]]]},"corrider_5":{"outline":[[[-18.4,15.600000000000009,0],[20,15.900000000000006,0]],[[20,15.900000000000006,0],[19.799999999999997,21.10000000000001,0]],[[19.799999999999997,21.10000000000001,0],[-18.099999999999998,20.900000000000006,0]],[[-18.099999999999998,20.900000000000006,0],[-18.4,15.5,0]]]},"corrider_6":{"outline":[[[-8.799999999999997,15.600000000000009,0],[-8.799999999999997,13.600000000000001,0]],[[-8.799999999999997,13.600000000000001,0],[12.700000000000003,13.300000000000004,0]],[[12.700000000000003,13.300000000000004,0],[12.5,15.900000000000006,0]],[[12.5,15.900000000000006,0],[-8.799999999999997,15.600000000000009,0]]]},"corrider_7":{"outline":[[[8.5,13.400000000000006,0],[8.5,6.700000000000003,0]],[[8.5,6.700000000000003,0],[12.800000000000004,6.600000000000001,0]],[[12.800000000000004,6.600000000000001,0],[12.800000000000004,13.300000000000004,0]],[[12.800000000000004,13.300000000000004,0],[8.5,13.300000000000004,0]]]},"corrider_8":{"outline":[[[16,6.5,0],[16.10000000000001,-9.5,0]],[[16.10000000000001,-9.5,0],[13.600000000000001,-9.399999999999999,0]],[[13.600000000000001,-9.399999999999999,0],[13.600000000000001,6.400000000000006,0]],[[13.600000000000001,6.400000000000006,0],[15.900000000000006,6.400000000000006,0]]]},"corrider_9":{"outline":[[[16,15.799999999999997,0],[20,15.799999999999997,0]],[[20,15.799999999999997,0],[20,-18.4,0]],[[20,-18.4,0],[15.900000000000006,-18.4,0]],[[15.900000000000006,-18.4,0],[15.900000000000006,15.600000000000009,0]]]},"corrider_10":{"outline":[[[20,19.200000000000003,0],[34.30000000000001,19,0]],[[34.30000000000001,19,0],[34.30000000000001,3.5,0]],[[34.30000000000001,3.5,0],[20,3.700000000000003,0]],[[20,3.700000000000003,0],[19.799999999999997,19.200000000000003,0]]]},"corrider_11":{"outline":[[[38.60000000000001,-5.5,0],[38.60000000000001,3.4000000000000057,0]],[[38.60000000000001,3.4000000000000057,0],[20,3.6000000000000014,0]],[[20,3.6000000000000014,0],[20,-5.199999999999996,0]],[[20,-5.199999999999996,0],[38.60000000000001,-5.199999999999996,0]]]},"corrider_12":{"outline":[[[23.200000000000003,-14,0],[20,-13.899999999999999,0]],[[20,-13.899999999999999,0],[20,-5.199999999999996,0]],[[20,-5.199999999999996,0],[29.5,-5.399999999999999,0]],[[29.5,-5.399999999999999,0],[29.60000000000001,-8.299999999999997,0]],[[29.60000000000001,-8.299999999999997,0],[23.400000000000006,-14.100000000000001,0]]]},"corrider_13":{"outline":[[[23.400000000000006,-18.4,0],[23.299999999999997,-14,0]],[[23.299999999999997,-14,0],[20,-13.899999999999999,0]],[[20,-13.899999999999999,0],[20,-18.4,0]],[[20,-18.4,0],[23.200000000000003,-18.4,0]]]}},"doors":{}}